0,1,2,3,4,5,6,7,8,9,10,11,12,13,14,15,16,17,18,19,20,21,22,23,24,25,26,27,28,29,30,31,32,33,34,35,36,37,38,39,40,41,42,43,44,45,46,47,48,49,50,51,52,53,54,55,56,57,58,59,60,61,62,63,64,65,66,67,68,69,70,71,72,73,74,75,76,77,78,79,80,81,82,83,84,85,86,87,88,89,90,91,92,93,94,95,96,97,98,99,100,101,102,103,104,105,106,107,108,109,110,111,112,113,114,115,116,117,118,119,120,121,122,123,124,125,126,127,128,129,130,131,132,133,134,135,136,137,138,139,140,141,142,143,144,145,146,147,148,149,150,151,152,153,154,155,156,157,158,159,160,161,162,163,164,165,166,167,168,169,170,171,172,173,174,175,176,177,178,179,180,181,182,183,184,185,186,187,188,189,190,191,192,193,194,195,196,197,198,199,200
2085,2085,2085,2085,2085,2085,2085,2085,2085,2085,2085,2085,2085,2085,2085,2085,2085,2085,2085,2085,2085,2085,2085,2085,2085,2085,2085,2085,2085,2085,2085,2085,2085,2085,2085,2085,2085,2085,2085,2085,2085,2085,2085,2085,2085,2085,2085,2085,2085,2085,2085,2085,2085,2085,2085,2085,2085,2085,2085,2085,2085,2085,2085,2085,2085,2085,2085,2085,2085,2085,2085,2085,2085,2085,2085,2085,2085,2085,2085,2085,2085,2085,2085,2085,2085,2085,2085,2085,2085,2085,2085,2085,2085,2085,2085,2085,2085,2085,2085,2085,2085,2085,2085,2085,2085,2085,2198,1903,1645,1820,2155,2236,1920,1662,1824,2150,2222,1919,1675,1840,2134,2201,1905,1639,1803,2123,2226,1916,1663,1823,2129,2197,1904,1634,1773,2081,2160,1872,1621,1809,2129,2202,1897,1633,1811,2122,2205,1903,1648,1790,2105,2192,1904,1653,1804,2111,2190,1895,1648,1805,2123,2195,1897,1646,1795,2107,2196,1904,1648,1807,2126,2202,1895,1635,1799,2129,2227,1921,1641,1776,2096,2182,1886,1639,1797,2137,2237,1927,1657,1808,2128,2229,1920,1648,1789,2113,2226,1930,1648,1795,UP
2119,2206,1891,1618,1770,2105,2213,1911,1648,1789,2120,2224,1902,1625,1776,2121,2238,1937,1648,1779,2113,2228,1920,1644,1787,2125,2230,1926,1648,1773,2112,2230,1922,1633,1766,2106,2230,1936,1665,1792,2124,2249,1947,1679,1809,2133,2249,1954,1680,1798,2114,2231,1937,1648,1762,2095,2224,1937,1659,1773,2099,2229,1936,1665,1797,2123,2255,1953,1655,1760,2097,2244,1963,1674,1770,2096,2224,1934,1649,1771,2109,2247,1956,1664,1778,2128,2255,1953,1648,1757,2102,2240,1943,1648,1762,2114,2268,1978,1679,1774,2112,2270,1986,1680,1763,2098,2253,1968,1676,1775,2112,2259,1975,1683,1776,2112,2263,1968,1671,1776,2116,2259,1967,1675,1769,2113,2269,1980,1675,1744,2091,2265,1993,1680,1754,2096,2270,2000,1689,1757,2100,2275,1999,1697,1768,2106,2277,2004,1705,1765,2085,2253,1983,1691,1777,2118,2287,1994,1659,1714,2047,2224,1953,1642,1712,2066,2258,1987,1681,1750,2097,2274,2000,1682,1746,2097,2295,2027,1712,1761,2095,2277,2007,1686,1743,2081,2256,1991,1691,1753,2102,2288,2012,1695,1746,2096,2285,2026,1702,1741,UP
2084,2276,2019,1697,1730,2062,2256,2001,1683,1730,2069,2277,2032,1708,1730,2065,2261,2006,1689,1733,2088,2279,1985,1642,1698,2069,2283,2055,1743,1786,2139,2352,2112,1795,1845,2208,2418,2161,1817,1847,2211,2432,2190,1857,1875,2215,2415,2167,1845,1862,2192,2386,2143,1813,1821,2141,2342,2103,1785,1787,2105,2298,2044,1713,1728,2075,2302,2059,1712,1721,2063,2269,2032,1667,1680,2019,2253,2021,1686,1680,2032,2241,2011,1679,1667,2007,2225,2000,1661,1671,1997,2239,1997,1692,1676,1997,2237,2007,1677,1664,1991,2253,2001,1671,1653,1989,2222,2001,1680,1672,1994,2223,1997,1684,1683,2026,2245,2004,1659,1641,1975,2224,2004,1680,1677,2023,2266,2038,1696,1661,1989,2224,2001,1680,1665,2000,2237,2015,1675,1646,1979,2215,1993,1649,1626,1960,2203,1997,1666,1628,1953,2206,2000,1663,1617,1963,2210,1998,1662,1632,1958,2202,1994,1662,1616,1958,2214,2003,1671,1631,1962,2207,2005,1680,1635,1968,2217,2004,1680,1634,1968,2227,2038,1698,1647,1963,2210,2015,1681,1635,1952,2184,1979,1667,1648,1983,2224,2032,1711,1648,UP
1966,2195,1987,1648,1595,1937,2211,2023,1690,1625,1959,2229,2043,1713,1655,1985,2241,2064,1715,1653,1999,2263,2084,1718,1630,1947,2222,2047,1726,1659,1985,2247,2047,1707,1654,2000,2280,2112,1760,1674,1982,2251,2087,1749,1680,2003,2275,2095,1749,1667,1996,2267,2097,1763,1680,1999,2287,2131,1776,1670,1987,2255,2086,1745,1665,1977,2252,2097,1766,1680,1991,2267,2112,1765,1664,1983,2269,2128,1810,1706,2021,2294,2131,1783,1680,1996,2276,2134,1796,1696,2005,2276,2122,1779,1680,1999,2279,2128,1778,1675,1985,2269,2125,1791,1683,1994,2281,2146,1808,1693,1997,2287,2163,1817,1699,2000,2283,2139,1792,1687,2000,2288,2153,1804,1696,2000,2286,2154,1810,1685,1987,2279,2154,1808,1680,1983,2270,2146,1808,1691,1991,2281,2160,1825,1706,2003,2295,2171,1829,1698,1989,2274,2151,1802,1680,1984,2285,2173,1822,1690,1985,2288,2187,1841,1711,2010,2304,2189,1827,1681,1975,2276,2175,1831,1687,1979,2282,2170,1824,1681,1982,2282,2181,1841,1698,1991,2288,2186,1840,1699,1987,2285,2185,1843,1692,1977,2284,2201,1861,1715,UP
1995,2288,2192,1855,1715,2013,2319,2223,1868,1713,2003,2307,2223,1872,1713,1995,2301,2212,1861,1689,1968,2288,2202,1863,1709,1989,2304,2191,1843,1706,1987,2302,2213,1859,1699,1971,2256,2163,1798,1621,1936,2240,2198,1854,1675,1952,2241,2190,1855,1682,1966,2256,2182,1863,1686,1968,2282,2215,1877,1697,1965,2267,2217,1887,1709,1970,2271,2203,1867,1687,1951,2256,2197,1856,1679,1947,2259,2214,1872,1690,1968,2281,2237,1899,1703,1968,2283,2224,1872,1682,1949,2266,2224,1875,1680,1942,2256,2218,1869,1679,1941,2256,2213,1874,1674,1927,2245,2213,1881,1671,1931,2250,2211,1867,1661,1921,2238,2206,1861,1664,1922,2241,2213,1868,1666,1917,2234,2209,1864,1655,1911,2241,2221,1867,1632,1872,2194,2170,1840,1641,1886,2198,2182,1849,1639,1868,2195,2206,1875,1653,1902,2227,2218,1865,1646,1888,2218,2205,1853,1629,1867,2189,2171,1827,1611,1856,2179,2176,1830,1612,1846,2175,2175,1837,1616,1847,2160,2160,1833,1627,1872,2202,2191,1842,1618,1853,2181,2188,1843,1619,1840,2165,2187,1854,1621,1840,2154,2159,1822,1606,UP
1851,2182,2186,1840,1603,1823,2145,2162,1826,1604,1831,2153,2162,1827,1599,1824,2147,2168,1855,1641,1863,2179,2192,1850,1625,1851,2187,2214,1858,1611,1818,2148,2173,1827,1584,1803,2129,2161,1832,1599,1811,2153,2190,1843,1601,1805,2128,2172,1846,1615,1823,2159,2188,1841,1583,1776,2099,2142,1819,1586,1807,2134,2179,1858,1621,1830,2160,2197,1858,1613,1817,2154,2195,1857,1615,1815,2147,2189,1856,1607,1806,2142,2199,1863,1603,1787,2130,2192,1867,1614,1799,2129,2202,1877,1619,1805,2132,2192,1853,1596,1792,2131,2203,1867,1601,1790,2131,2203,1886,1625,1808,2147,2219,1884,1616,1796,2138,2220,1894,1619,1785,2118,2189,1872,1613,1789,2126,2198,1878,1618,1782,2112,2192,1872,1612,1781,2115,2199,1887,1625,1789,2112,2198,1892,1632,1795,2121,2209,1890,1642,1806,2128,2207,1886,1618,1787,2135,2241,1923,1646,1803,2142,2231,1909,1637,1791,2128,2234,1934,1662,1808,2143,2245,1926,1658,1808,2155,2244,1943,1665,1811,2118,2225,1946,1667,1826,2161,2255,1951,1674,1841,2181,2288,1986,1696,1867,2174,2275,1963,1687,UP
1829,2171,2288,1957,1686,1857,2185,2300,2003,1728,1858,2191,2301,1998,1728,1862,2185,2287,1977,1709,1842,2177,2290,1997,1722,1855,2199,2325,2027,1747,1882,2209,2331,2030,1732,1843,2167,2307,2019,1742,1858,2193,2322,2032,1746,1868,2203,2337,2055,1765,1879,2206,2339,2046,1754,1872,2202,2337,2055,1764,1872,2204,2350,2064,1771,1883,2224,2363,2065,1776,1879,2219,2363,2077,1779,1879,2213,2352,2062,1758,1852,2177,2320,2033,1751,1870,2221,2373,2096,1779,1856,2192,2357,2087,1789,1887,2218,2371,2086,1787,1879,2219,2371,2093,1789,1886,2228,2387,2112,1787,1858,2181,2338,2073,1783,1872,2202,2357,2090,1785,1872,2205,2371,2099,1798,1872,2193,2354,2094,1795,1863,2185,2343,2083,1794,1873,2194,2355,2078,1776,1841,2170,2337,2063,1745,1817,2160,2337,2064,1746,1804,2133,2306,2033,1742,1808,2133,2303,2034,1741,1793,2112,2290,2030,1729,1779,2094,2263,2002,1706,1776,2110,2273,2006,1712,1765,2078,2252,1990,1689,1744,2081,2261,1999,1687,1735,2064,2231,1966,1663,1712,2037,2224,1962,1655,1699,2025,2218,1959,1653,UP
1686,2003,2202,1954,1632,1651,1988,2192,1938,1638,1681,2005,2200,1943,1635,1667,1984,2179,1936,1627,1659,1995,2202,1947,1629,1657,1986,2183,1924,1619,1653,1981,2182,1932,1620,1647,1978,2181,1931,1616,1648,1966,2158,1919,1616,1632,1939,2129,1889,1600,1632,1964,2163,1914,1603,1616,1955,2165,1927,1613,1621,1950,2165,1935,1621,1622,1949,2162,1936,1618,1615,1936,2153,1922,1611,1616,1941,2162,1925,1611,1616,1947,2160,1936,1621,1619,1952,2171,1949,1635,1629,1958,2177,1947,1625,1611,1936,2163,1943,1620,1586,1922,2173,1959,1642,1619,1938,2173,1963,1647,1611,1922,2142,1936,1631,1607,1920,2142,1913,1599,1580,1902,2118,1895,1581,1559,1893,2128,1935,1616,1595,1904,2142,1921,1600,1584,1913,2154,1914,1610,1552,1905,2176,1933,1579,1553,1882,2114,1908,1607,1586,1907,2144,1936,1609,1572,1883,2130,1936,1616,1579,1897,2129,1933,1616,1577,1903,2141,1939,1615,1561,1873,2111,1925,1625,1579,1885,2134,1952,1620,1567,1887,2135,1947,1625,1573,1881,2132,1951,1618,1567,1879,2128,1939,1605,1535,1878,2128,1938,1610,UP
1535,1867,2126,1947,1619,1562,1883,2135,1959,1623,1553,1869,2133,1958,1632,1559,1866,2128,1965,1647,1572,1877,2134,1963,1631,1554,1869,2139,1973,1638,1554,1878,2158,1986,1661,1585,1905,2160,1993,1666,1585,1886,2147,1985,1662,1579,1886,2161,1999,1666,1584,1893,2163,2003,1680,1594,1899,2163,2001,1675,1579,1883,2147,1999,1674,1582,1885,2162,2009,1683,1591,1904,2175,2029,1698,1597,1898,2167,2028,1699,1602,1915,2182,2027,1695,1591,1904,2189,2039,1711,1599,1895,2177,2047,1716,1599,1902,2177,2055,1722,1606,1911,2191,2064,1739,1632,1934,2220,2090,1753,1623,1919,2208,2081,1735,1613,1905,2194,2070,1735,1621,1936,2225,2093,1744,1619,1919,2215,2102,1760,1626,1921,2201,2085,1750,1633,1915,2194,2083,1749,1634,1939,2235,2117,1767,1634,1931,2215,2103,1770,1630,1927,2226,2118,1775,1629,1917,2219,2128,1801,1646,1927,2208,2102,1779,1646,1925,2218,2114,1771,1626,1918,2207,2111,1765,1605,1887,2180,2096,1770,1619,1909,2218,2127,1789,1639,1920,2225,2143,1803,1651,1935,2222,2126,1789,1644,1938,2253,2164,1818,UP
1667,1942,2241,2163,1821,1652,1918,2219,2149,1824,1664,1949,2260,2185,1840,1675,1947,2238,2154,1823,1661,1943,2246,2170,1826,1664,1941,2246,2173,1835,1663,1936,2247,2176,1830,1653,1925,2224,2160,1818,1648,1915,2219,2161,1834,1655,1923,2237,2179,1840,1661,1923,2224,2163,1822,1662,1936,2240,2177,1830,1637,1907,2222,2171,1839,1663,1933,2239,2178,1841,1659,1923,2234,2191,1850,1667,1919,2225,2173,1831,1671,1895,2216,2189,1860,1659,1916,2218,2167,1838,1663,1942,2240,2164,1833,1622,1877,2225,2171,1854,1665,1898,2220,2181,1840,1648,1909,2224,2183,1853,1638,1894,2217,2191,1847,1650,1916,2224,2186,1835,1647,1904,2221,2194,1859,1648,1895,2214,2197,1856,1647,1890,2197,2183,1855,1653,1897,2212,2198,1856,1644,1895,2224,2198,1857,1646,1891,2209,2199,1862,1662,1903,2214,2189,1843,1637,1882,2207,2198,1865,1652,1884,2207,2205,1872,1654,1886,2209,2203,1862,1648,1879,2207,2219,1874,1651,1877,2199,2203,1861,1638,1870,2192,2193,1858,1639,1861,2179,2192,1867,1645,1867,2189,2207,1871,1643,1863,2189,2203,1873,UP
1648,1866,2185,2205,1861,1627,1843,2170,2192,1861,1633,1856,2192,2223,1893,1658,1873,2205,2240,1886,1642,1861,2202,2235,1903,1666,1877,2202,2222,1883,1653,1871,2202,2242,1899,1647,1851,2192,2234,1894,1642,1845,2180,2230,1912,1667,1867,2187,2229,1905,1663,1856,2181,2224,1881,1639,1834,2175,2239,1907,1664,1863,2186,2226,1902,1660,1859,2201,2246,1904,1648,1839,2176,2243,1919,1658,1841,2160,2224,1904,1648,1826,2147,2206,1886,1639,1837,2165,2233,1904,1647,1834,2175,2245,1925,1657,1824,2155,2215,1887,1635,1822,2157,2226,1904,1642,1823,2162,2242,1914,1643,1809,2150,2233,1907,1646,1826,2169,2247,1919,1649,1819,2147,2235,1911,1647,1803,2133,2219,1904,1643,1820,2160,2251,1927,1657,1825,2170,2245,1913,1635,1803,2143,2242,1941,1665,1803,2133,2228,1906,1618,1773,2114,2224,1904,1632,1785,2122,2226,1911,1635,1790,2135,2250,1936,1663,1811,2134,2229,1906,1626,1778,2114,2219,1906,1631,1791,2128,2235,1917,1640,1790,2123,2229,1922,1653,1808,2170,2261,1913,1616,1759,2101,2223,1922,1648,1793,2133,2246,1935,UP
1653,1789,2128,2253,1943,1659,1789,2118,2241,1942,1661,1783,2117,2222,1899,1608,1749,2110,2245,1934,1644,1760,2094,2219,1923,1639,1769,2122,2250,1939,1643,1762,2093,2227,1934,1607,1755,2077,2172,1891,1606,1734,2087,2233,1919,1637,1760,2115,2221,1941,1651,1792,2111,2242,1941,1645,1759,2110,2247,1943,1651,1772,2106,2227,1931,1629,1739,2090,2244,1954,1648,1745,2096,2241,1949,1648,1749,2095,2241,1951,1649,1751,2110,2266,1966,1639,1715,2059,2214,1935,1644,1743,2087,2247,1954,1664,1765,2108,2259,1969,1664,1759,2115,2287,1988,1653,1714,2058,2225,1965,1660,1728,2064,2235,1957,1658,1757,2103,2266,1959,1630,1715,2073,2259,1991,1666,1728,2065,2245,1981,1680,1759,2087,2243,1962,1663,1749,2102,2267,1973,1664,1739,2087,2256,1967,1655,1734,2083,2253,1983,1683,1744,2074,2244,1972,1657,1718,2062,2242,1963,1661,1728,2082,2273,2001,1668,1713,2065,2262,2001,1697,1744,2081,2256,1984,1676,1731,2087,2279,2007,1683,1739,2083,2275,1999,1670,1722,2080,2288,2025,1693,1725,2064,2257,2011,1695,1723,2059,2256,1997,UP
1685,1732,2074,2271,2013,1709,1743,2072,2267,2015,1695,1726,2065,2262,2000,1673,1712,2061,2265,2005,1680,1699,2035,2247,2005,1690,1710,2037,2249,2000,1685,1713,2047,2265,2032,1712,1726,2059,2259,2015,1702,1727,2064,2259,2005,1687,1701,2031,2251,2007,1694,1710,2045,2264,2029,1705,1713,2047,2273,2033,1711,1712,2055,2279,2043,1707,1702,2037,2279,2058,1712,1703,2033,2257,2027,1699,1707,2059,2279,2033,1695,1697,2037,2261,2025,1680,1667,2000,2235,2014,1707,1717,2066,2288,2045,1699,1677,2012,2255,2033,1711,1706,2041,2271,2046,1723,1717,2047,2278,2055,1728,1715,2059,2297,2085,1735,1697,2027,2274,2059,1712,1681,2013,2256,2045,1723,1696,2019,2267,2068,1739,1722,2065,2291,2054,1711,1687,2027,2273,2075,1744,1704,2026,2261,2047,1712,1680,2019,2270,2055,1709,1661,2000,2258,2064,1727,1682,2006,2259,2063,1716,1667,2000,2254,2064,1733,1685,2017,2276,2065,1721,1665,2000,2265,2075,1729,1671,1996,2256,2075,1746,1696,2022,2273,2084,1759,1676,2000,2251,2057,1735,1680,2001,2263,2070,1722,1664,2011,2256,2077,UP
1742,1666,1999,2245,2083,1733,1653,1985,2260,2077,1740,1654,1969,2256,2017,1708,1645,1969,2239,2064,1730,1662,1993,2256,2070,1746,1675,1984,2247,2075,1745,1676,1987,2245,2070,1733,1650,1975,2255,2095,1751,1663,1970,2236,2066,1734,1661,1985,2253,2095,1746,1664,1975,2246,2086,1749,1664,1995,2265,2097,1744,1648,1973,2254,2093,1747,1664,1977,2259,2115,1776,1666,1979,2267,2114,1753,1655,1979,2256,2101,1745,1645,1971,2259,2117,1771,1659,1968,2256,2108,1767,1669,1985,2261,2115,1771,1664,1977,2262,2117,1779,1664,1971,2262,2123,1778,1671,1984,2269,2130,1786,1665,1977,2257,2116,1771,1655,1973,2262,2112,1759,1642,1947,2234,2098,1759,1644,1952,2240,2109,1773,1645,1949,2239,2102,1745,1625,1914,2206,2083,1745,1630,1938,2243,2118,1771,1648,1953,2246,2119,1774,1642,1946,2245,2128,1786,1657,1954,2256,2131,1779,1643,1943,2239,2128,1791,1665,1961,2255,2133,1783,1648,1949,2245,2130,1778,1645,1936,2239,2135,1794,1647,1942,2239,2137,1793,1651,1953,2243,2134,1789,1645,1937,2225,2130,1797,1650,1941,2238,2131,UP
1773,1623,1917,2226,2133,1782,1623,1920,2232,2137,1789,1631,1915,2224,2131,1787,1631,1920,2237,2149,1799,1631,1917,2221,2138,1799,1641,1923,2217,2139,1797,1634,1920,2228,2153,1807,1621,1907,2230,2151,1809,1649,1939,2245,2167,1813,1637,1909,2214,2139,1795,1627,1910,2227,2153,1795,1613,1902,2223,2153,1801,1618,1899,2223,2159,1808,1616,1895,2219,2159,1811,1618,1888,2206,2148,1804,1622,1898,2213,2153,1809,1632,1899,2203,2149,1801,1622,1888,2199,2143,1803,1617,1894,2221,2169,1831,1636,1886,2193,2146,1799,1615,1895,2218,2167,1825,1623,1887,2224,2189,1845,1651,1908,2228,2176,1822,1628,1904,2231,2187,1840,1642,1904,2225,2192,1840,1646,1909,2231,2194,1841,1631,1893,2224,2192,1850,1646,1904,2241,2192,1831,1652,1879,2213,2207,1835,1622,1871,2211,2190,1867,1648,1898,2190,2224,1843,1622,1890,2192,2192,1845,1639,1878,2192,2176,1833,1619,1891,2195,2176,1818,1597,1838,2164,2162,1829,1620,1870,2192,2181,1842,1617,1871,2209,2195,1837,1600,1846,2192,2195,1855,1638,1877,2197,2193,1846,1619,1851,2178,2170,UP
1830,1617,1867,2210,2226,1879,1645,1856,2176,2189,1856,1643,1883,2205,2206,1854,1617,1857,2194,2201,1856,1638,1881,2210,2211,1859,1631,1872,2213,2226,1873,1634,1868,2201,2214,1859,1622,1855,2190,2199,1853,1617,1844,2183,2217,1885,1655,1872,2171,2182,1845,1616,1843,2187,2223,1883,1642,1863,2206,2227,1874,1638,1854,2187,2224,1893,1630,1823,2160,2205,1863,1616,1824,2160,2202,1872,1639,1845,2183,2226,1872,1616,1825,2163,2213,1891,1654,1840,2144,2179,1853,1615,1826,2171,2224,1873,1617,1823,2166,2215,1878,1622,1826,2167,2227,1882,1619,1819,2161,2212,1864,1603,1796,2134,2197,1868,1620,1823,2165,2221,1882,1622,1808,2160,2242,1906,1630,1793,2122,2192,1872,1618,1814,2163,2230,1882,1615,1805,2147,2224,1884,1616,1803,2148,2224,1896,1631,1818,2157,2239,1914,1649,1815,2157,2224,1894,1629,1800,2138,2227,1901,1630,1794,2128,2219,1897,1634,1806,2147,2224,1897,1627,1798,2139,2226,1906,1634,1793,2134,2226,1904,1637,1806,2145,2233,1904,1625,1782,2122,2224,1917,1646,1797,2128,2219,1902,1631,1803,2159,2259,UP
1948,1667,1814,2145,2237,1914,1641,1795,2130,2227,1907,1629,1788,2141,2256,1942,1660,1808,2141,2256,1936,1650,1793,2128,2240,1926,1653,1801,2143,2256,1949,1665,1812,2151,2263,1958,1686,1833,2160,2254,1936,1659,1808,2163,2293,1991,1680,1808,2147,2278,1972,1689,1838,2183,2314,2010,1719,1846,2192,2331,2022,1734,1871,2214,2327,2002,1703,1837,2191,2330,2016,1728,1861,2215,2352,2057,1755,1887,2233,2367,2062,1760,1875,2224,2374,2096,1803,1903,2222,2349,2069,1801,1909,2206,2337,2078,1789,1911,2271,2427,2130,1810,1918,2245,2423,2163,1889,1998,2295,2420,2128,1834,1924,2279,2437,2155,1855,1968,2303,2448,2167,1857,1953,2293,2448,2170,1872,1974,2302,2452,2174,1872,1962,2295,2447,2171,1879,1978,2321,2480,2194,1889,1975,2316,2479,2192,1886,1973,2311,2477,2193,1889,1974,2320,2479,2193,1889,1975,2309,2479,2198,1904,1989,2320,2483,2210,1903,1981,2319,2485,2220,1906,1987,2336,2515,2228,1904,1967,2301,2479,2208,1901,1978,2331,2510,2231,1919,1990,2325,2496,2229,1918,1997,2338,2525,2257,1936,1999,2325,2497,UP
2229,1915,1971,2299,2478,2205,1903,1970,2309,2487,2224,1901,1965,2307,2495,2223,1907,1978,2309,2493,2234,1919,1978,2317,2510,2253,1933,1974,2306,2496,2253,1941,1999,2321,2495,2227,1915,1966,2304,2501,2256,1947,1972,2290,2475,2224,1915,1962,2288,2491,2242,1931,1971,2299,2482,2224,1907,1952,2282,2483,2236,1905,1918,2240,2439,2195,1891,1927,2257,2452,2198,1878,1913,2246,2439,2192,1881,1905,2231,2427,2190,1863,1873,2197,2384,2128,1807,1840,2177,2379,2154,1841,1857,2180,2384,2142,1817,1825,2151,2354,2124,1807,1839,2178,2377,2125,1798,1815,2131,2329,2098,1786,1807,2137,2327,2094,1763,1776,2110,2317,2077,1757,1763,2095,2290,2047,1727,1740,2064,2268,2032,1715,1722,2045,2256,2023,1710,1712,2029,2229,1996,1683,1689,2017,2224,2000,1691,1686,1988,2192,1968,1667,1650,1953,2159,1940,1634,1622,1945,2166,1947,1638,1635,1967,2179,1964,1653,1643,1954,2169,1949,1633,1625,1941,2172,1937,1611,1600,1932,2159,1936,1604,1584,1917,2163,1946,1618,1590,1906,2135,1919,1599,1563,1885,2121,1911,1584,1559,1891,2128,UP
1925,1627,1602,1903,2112,1895,1581,1559,1887,2127,1920,1602,1562,1871,2096,1890,1575,1527,1859,2105,1895,1571,1526,1856,2091,1878,1555,1525,1856,2099,1891,1535,1488,1810,2061,1867,1535,1497,1825,2064,1862,1531,1479,1808,2064,1899,1526,1482,1793,2039,1859,1535,1477,1776,2029,1856,1527,1479,1798,2029,1867,1535,1469,1815,2044,1846,1526,1461,1783,2035,1851,1533,1485,1776,2032,1829,1511,1451,1777,2034,1860,1529,1470,1790,2025,1846,1531,1468,1808,2037,1828,1489,1420,1744,2010,1846,1515,1427,1758,2023,1851,1520,1447,1757,2007,1843,1520,1454,1770,2017,1840,1494,1429,1763,2023,1843,1511,1425,1750,2015,1855,1526,1445,1758,2035,1874,1535,1435,1739,1998,1839,1497,1397,1719,2010,1871,1553,1456,1759,2013,1856,1534,1442,1760,2033,1886,1563,1465,1781,2035,1887,1567,1467,1774,2045,1901,1558,1453,1776,2037,1886,1558,1458,1787,2070,1920,1587,1472,1779,2064,1923,1599,1488,1793,2068,1924,1589,1467,1782,2064,1915,1584,1466,1783,2082,1949,1614,1497,1808,2096,1955,1621,1497,1803,2080,1950,1627,1508,1815,2113,UP
1985,1636,1487,1791,2089,1956,1627,1497,1795,2090,1966,1641,1524,1837,2102,1968,1639,1520,1823,2112,1997,1659,1518,1811,2107,1993,1667,1527,1827,2111,1986,1651,1526,1840,2135,2011,1670,1522,1834,2133,2024,1690,1555,1838,2117,2007,1685,1566,1866,2160,2037,1701,1565,1860,2153,2044,1709,1569,1857,2149,2033,1701,1566,1865,2161,2066,1727,1574,1861,2162,2067,1744,1600,1885,2181,2085,1735,1587,1887,2188,2096,1760,1606,1901,2194,2112,1778,1635,1915,2203,2115,1790,1641,1921,2224,2129,1777,1617,1901,2198,2117,1782,1619,1910,2224,2141,1793,1628,1911,2224,2162,1817,1637,1904,2210,2134,1791,1631,1911,2214,2135,1795,1623,1900,2203,2143,1805,1633,1906,2213,2150,1805,1630,1910,2224,2161,1828,1648,1919,2226,2160,1811,1631,1903,2214,2162,1839,1667,1927,2224,2162,1827,1648,1907,2220,2173,1827,1644,1914,2224,2166,1831,1649,1914,2213,2154,1808,1645,1926,2242,2181,1845,1669,1936,2241,2195,1855,1659,1913,2215,2169,1822,1623,1881,2207,2173,1863,1679,1933,2228,2177,1837,1647,1906,2225,2192,1858,1679,1937,2256,UP
2207,1857,1647,1906,2227,2199,1856,1663,1908,2231,2241,1883,1649,1872,2219,2189,1851,1655,1900,2270,2224,1883,1666,1903,2215,2197,1870,1658,1906,2229,2216,1875,1667,1916,2224,2207,1861,1658,1911,2239,2224,1885,1680,1920,2214,2178,1834,1626,1872,2203,2202,1869,1651,1891,2213,2219,1879,1655,1901,2237,2234,1879,1648,1877,2219,2225,1884,1649,1872,2206,2214,1872,1649,1884,2209,2218,1891,1680,1904,2210,2197,1858,1634,1871,2197,2202,1855,1621,1869,2226,2242,1883,1648,1886,2219,2229,1907,1689,1890,2189,2197,1865,1643,1867,2197,2224,1882,1649,1867,2191,2211,1878,1649,1890,2217,2221,1867,1616,1834,2178,2241,1918,1637,1811,2129,2169,1850,1623,1846,2186,2210,1866,1622,1840,2179,2214,1874,1628,1840,2173,2201,1873,1647,1857,2176,2226,1902,1643,1825,2160,2209,1873,1621,1828,2158,2209,1887,1650,1858,2192,2231,1889,1635,1831,2162,2219,1887,1631,1808,2133,2197,1872,1622,1822,2149,2206,1883,1636,1843,2179,2221,1882,1619,1825,2165,2227,1895,1631,1819,2160,2210,1874,1631,1819,2151,2215,1893,1633,1822,2160,DOWN
2225,1874,1607,1791,2131,2213,1895,1637,1808,2126,2210,1893,1635,1822,2163,2241,1904,1629,1803,2139,2236,1933,1654,1814,2139,2207,1882,1619,1793,2122,2193,1866,1598,1776,2142,2241,1905,1634,1799,2133,2222,1895,1623,1794,2139,2227,1904,1638,1808,2150,2235,1910,1646,1808,2142,2225,1905,1645,1825,2175,2253,1911,1627,1789,2133,2245,1923,1647,1799,2128,2224,1911,1650,1811,2139,2239,1927,1651,1811,2153,2246,1927,1647,1797,2138,2243,1936,1663,1815,2142,2227,1911,1635,1793,2128,2224,1914,1630,1773,2105,2229,1919,1633,1776,2124,2231,1929,1643,1778,2118,2230,1910,1616,1776,2138,2259,1939,1642,1771,2119,2247,1930,1639,1767,2114,2239,1931,1632,1757,2112,2246,1947,1657,1791,2135,2262,1961,1669,1790,2128,2253,1937,1648,1771,2110,2246,1943,1653,1786,2130,2274,1955,1648,1760,2126,2301,1972,1664,1787,2126,2267,1981,1687,1799,2138,2274,1963,1667,1776,2141,2288,1985,1679,1797,2148,2262,1975,1680,1791,2143,2288,1993,1677,1805,2128,2274,1983,1697,1799,2146,2292,1986,1682,1783,2131,2290,1999,1697,1797,2135,DOWN
2292,2000,1706,1795,2138,2297,2018,1711,1799,2141,2293,2005,1697,1781,2125,2303,2015,1713,1792,2130,2295,2007,1722,1807,2156,2319,2029,1731,1825,2171,2337,2034,1719,1803,2158,2304,2042,1735,1812,2159,2342,2083,1763,1834,2160,2326,2063,1750,1838,2192,2373,2107,1776,1840,2183,2362,2096,1780,1853,2195,2371,2103,1786,1847,2192,2384,2121,1794,1855,2198,2383,2112,1790,1855,2197,2383,2112,1783,1837,2192,2386,2128,1823,1889,2225,2400,2132,1821,1883,2230,2426,2166,1847,1902,2245,2448,2179,1840,1878,2230,2448,2199,1882,1934,2278,2463,2189,1859,1911,2268,2459,2192,1873,1911,2250,2447,2195,1871,1899,2237,2438,2192,1875,1917,2255,2454,2206,1885,1916,2256,2457,2211,1889,1921,2256,2457,2214,1885,1901,2227,2429,2195,1879,1904,2235,2435,2187,1871,1891,2225,2436,2192,1866,1887,2221,2425,2192,1878,1899,2223,2419,2192,1872,1890,2229,2438,2191,1863,1877,2210,2419,2191,1863,1869,2206,2431,2210,1879,1886,2206,2416,2177,1853,1853,2192,2413,2187,1857,1843,2173,2387,2166,1846,1853,2190,2404,2167,1840,1843,2177,DOWN
2401,2165,1839,1835,2170,2400,2176,1845,1825,2154,2384,2167,1843,1834,2158,2369,2161,1857,1847,2153,2349,2131,1808,1793,2121,2352,2160,1841,1820,2129,2349,2132,1813,1795,2123,2359,2163,1839,1796,2097,2314,2112,1791,1766,2085,2315,2126,1808,1775,2087,2320,2128,1813,1781,2098,2320,2128,1806,1755,2064,2288,2096,1789,1754,2060,2289,2098,1787,1763,2075,2302,2111,1801,1763,2083,2317,2124,1789,1735,2033,2272,2096,1778,1728,2047,2292,2112,1799,1743,2032,2254,2059,1738,1683,1990,2234,2044,1727,1674,1993,2247,2064,1747,1702,2026,2272,2087,1746,1699,2000,2255,2074,1727,1648,1968,2223,2064,1722,1666,1980,2230,2041,1715,1658,1970,2218,2035,1717,1649,1959,2223,2039,1713,1637,1931,2167,2003,1696,1633,1947,2192,2007,1685,1625,1941,2201,2030,1691,1614,1936,2194,2039,1716,1627,1926,2186,2030,1707,1616,1910,2165,2006,1678,1598,1904,2173,2010,1693,1616,1936,2192,2015,1686,1601,1911,2172,2012,1682,1585,1895,2165,2002,1677,1586,1903,2175,2014,1680,1581,1877,2147,1987,1655,1567,1878,2153,1995,1667,1566,1872,DOWN
2147,2000,1677,1570,1875,2157,2005,1675,1554,1850,2128,1994,1664,1535,1841,2118,1974,1648,1535,1855,2133,1995,1653,1535,1850,2140,2006,1661,1535,1835,2113,1983,1653,1526,1827,2113,1987,1663,1535,1831,2113,1979,1647,1527,1834,2120,1973,1635,1517,1835,2117,1983,1648,1517,1815,2096,1967,1639,1520,1817,2080,1949,1632,1510,1808,2099,1978,1648,1510,1808,2093,1980,1645,1507,1792,2078,1955,1627,1503,1808,2103,1992,1651,1507,1805,2105,1995,1650,1491,1780,2066,1953,1623,1487,1781,2080,1968,1634,1491,1789,2090,1994,1659,1491,1773,2069,1969,1635,1474,1765,2057,1959,1638,1483,1777,2083,1991,1650,1493,1785,2093,1993,1655,1509,1806,2093,1994,1664,1510,1798,2099,2017,1680,1520,1806,2096,1999,1664,1504,1802,2108,2019,1684,1523,1802,2095,2000,1664,1514,1796,2098,2011,1690,1535,1821,2101,2009,1679,1518,1794,2103,2023,1680,1511,1798,2107,2043,1711,1535,1811,2112,2035,1700,1521,1799,2111,2046,1709,1521,1807,2127,2072,1731,1535,1813,2123,2083,1744,1563,1809,2118,2063,1729,1535,1819,2137,2087,1760,1578,1831,DOWN
2113,2054,1713,1530,1807,2125,2084,1751,1581,1840,2151,2097,1757,1579,1840,2153,2122,1776,1583,1840,2143,2104,1775,1582,1830,2155,2135,1808,1616,1862,2167,2128,1797,1606,1873,2187,2135,1782,1591,1857,2180,2149,1805,1601,1863,2186,2160,1819,1611,1861,2177,2149,1808,1610,1862,2176,2154,1816,1623,1876,2189,2157,1817,1610,1867,2197,2174,1836,1634,1887,2218,2195,1857,1653,1873,2202,2180,1824,1639,1877,2196,2209,1853,1643,1886,2199,2183,1844,1637,1879,2191,2191,1859,1651,1885,2196,2201,1872,1659,1875,2192,2192,1865,1648,1893,2223,2234,1889,1646,1869,2193,2201,1871,1648,1872,2202,2215,1874,1664,1904,2218,2215,1869,1643,1872,2206,2224,1895,1669,1893,2213,2229,1904,1682,1887,2194,2208,1872,1657,1871,2188,2221,1905,1687,1904,2224,2245,1898,1663,1875,2210,2237,1903,1671,1893,2229,2279,1927,1655,1855,2197,2238,1909,1683,1910,2239,2250,1887,1648,1870,2202,2241,1920,1680,1886,2213,2243,1909,1653,1841,2173,2223,1895,1660,1866,2196,2246,1911,1664,1861,2191,2234,1904,1662,1861,2191,2243,1913,1670,1867,DOWN
2186,2231,1907,1669,1860,2190,2249,1905,1642,1840,2192,2253,1893,1617,1807,2147,2218,1910,1656,1847,2177,2240,1920,1668,1852,2177,2244,1920,1662,1844,2175,2239,1919,1655,1838,2177,2249,1918,1661,1840,2174,2244,1919,1665,1845,2181,2256,1929,1666,1842,2189,2273,1953,1695,1857,2169,2224,1903,1665,1871,2223,2301,1981,1726,1914,2258,2337,2022,1763,1937,2270,2361,2053,1775,1931,2258,2352,2033,1766,1936,2283,2372,2046,1774,1930,2263,2339,2006,1733,1890,2222,2327,2027,1760,1904,2224,2309,1984,1721,1887,2225,2319,1991,1715,1874,2214,2315,1993,1712,1858,2192,2291,1982,1707,1855,2183,2285,1975,1705,1852,2192,2283,1953,1659,1805,2146,2260,1962,1674,1811,2147,2271,1971,1687,1824,2158,2256,1936,1653,1805,2143,2257,1936,1654,1790,2141,2271,1957,1658,1783,2117,2231,1914,1626,1750,2092,2222,1919,1650,1793,2141,2271,1953,1653,1775,2122,2256,1950,1648,1770,2122,2259,1959,1665,1781,2112,2251,1946,1658,1775,2114,2249,1951,1666,1789,2127,2266,1975,1693,1798,2112,2224,1920,1651,1783,2116,2243,1936,1641,1754,DOWN
2096,2234,1936,1645,1760,2100,2247,1953,1655,1760,2103,2254,1966,1667,1767,2099,2226,1936,1643,1710,2064,2224,1936,1648,1755,2085,2240,1957,1654,1765,2101,2272,1962,1667,1755,2083,2269,1972,1670,1771,2112,2281,1994,1679,1757,2125,2279,1987,1701,1795,2125,2282,2001,1712,1805,2142,2289,2003,1712,1786,2114,2281,1991,1697,1781,2126,2310,2027,1711,1778,2115,2285,2010,1719,1799,2139,2295,2013,1719,1805,2135,2306,2032,1740,1808,2142,2289,2015,1718,1795,2142,2320,2036,1719,1786,2128,2314,2046,1743,1798,2135,2311,2053,1748,1815,2151,2323,2062,1745,1808,2137,2314,2045,1732,1776,2112,2307,2047,1751,1806,2124,2306,2042,1745,1801,2129,2304,2047,1744,1776,2106,2292,2032,1741,1793,2133,2317,2059,1744,1776,2103,2298,2031,1713,1759,2105,2297,2033,1708,1744,2085,2277,2023,1714,1755,2094,2275,2014,1703,1730,2086,2286,2034,1707,1716,2035,2251,2002,1680,1707,2021,2229,1993,1685,1731,2054,2257,2000,1679,1698,2033,2254,2011,1695,1712,2032,2239,2005,1701,1713,2035,2245,2023,1713,1733,2066,2271,2027,1695,1695,DOWN
2021,2241,2013,1697,1712,2059,2269,2017,1695,1697,2027,2249,2019,1710,1715,2047,2253,2009,1690,1707,2028,2246,2024,1699,1701,2033,2256,2032,1711,1714,2053,2271,2032,1699,1686,2011,2239,2014,1696,1682,2019,2253,2032,1705,1680,2000,2231,2017,1702,1699,2032,2261,2031,1698,1680,2017,2256,2027,1696,1682,2014,2254,2022,1697,1680,2000,2237,2023,1698,1671,1995,2235,2021,1710,1695,2018,2239,2018,1690,1672,1997,2234,2025,1695,1656,1982,2219,2009,1689,1664,1987,2224,2015,1703,1666,1990,2223,2009,1683,1648,1983,2224,2023,1693,1648,1974,2224,2019,1687,1637,1963,2215,2011,1688,1641,1968,2207,2014,1677,1626,1962,2206,2000,1684,1647,1965,2207,2000,1671,1634,1953,2192,2005,1677,1622,1957,2196,1999,1672,1616,1945,2200,2007,1678,1612,1936,2194,2025,1709,1631,1951,2206,2021,1697,1629,1939,2192,2003,1673,1603,1922,2195,2027,1694,1620,1949,2198,2026,1703,1637,1943,2191,2000,1654,1606,1938,2213,2019,1680,1582,1904,2161,1993,1674,1600,1918,2192,2016,1691,1638,1922,2202,2031,1687,1574,1872,2142,1984,1667,1587,DOWN
1920,2186,2030,1687,1605,1926,2203,2044,1714,1613,1907,2173,2027,1700,1610,1925,2193,2032,1693,1591,1907,2187,2038,1713,1616,1936,2215,2063,1717,1605,1919,2198,2042,1705,1591,1898,2177,2041,1699,1586,1902,2186,2039,1712,1600,1918,2206,2074,1724,1609,1919,2198,2042,1694,1586,1903,2191,2066,1731,1616,1909,2192,2067,1722,1602,1911,2210,2078,1728,1603,1904,2183,2063,1729,1610,1918,2202,2070,1727,1600,1898,2185,2068,1732,1610,1909,2198,2079,1735,1608,1911,2205,2084,1739,1606,1899,2188,2071,1731,1609,1903,2183,2075,1742,1601,1894,2189,2081,1745,1616,1904,2194,2078,1742,1616,1922,2224,2100,1741,1600,1920,2238,2108,1738,1597,1894,2206,2110,1774,1632,1919,2211,2110,1766,1622,1916,2213,2120,1780,1623,1918,2221,2133,1802,1650,1926,2222,2137,1795,1627,1905,2206,2121,1779,1630,1925,2229,2146,1797,1637,1913,2207,2131,1801,1637,1910,2218,2139,1809,1645,1900,2192,2112,1781,1618,1893,2191,2118,1780,1617,1912,2224,2146,1798,1629,1917,2227,2146,1795,1611,1886,2205,2150,1808,1622,1897,2215,2154,1801,1618,DOWN
1904,2226,2163,1818,1626,1888,2198,2135,1792,1626,1909,2224,2171,1824,1636,1899,2211,2154,1809,1630,1895,2214,2163,1822,1639,1904,2211,2161,1823,1634,1901,2213,2163,1826,1634,1892,2206,2162,1821,1618,1876,2202,2160,1823,1632,1904,2222,2175,1833,1633,1894,2207,2157,1792,1590,1855,2190,2159,1830,1635,1893,2213,2183,1841,1651,1904,2205,2166,1819,1621,1902,2210,2160,1808,1610,1870,2195,2178,1835,1631,1882,2203,2188,1850,1648,1903,2227,2208,1867,1663,1907,2229,2202,1850,1643,1879,2193,2192,1863,1653,1904,2227,2208,1858,1648,1897,2224,2205,1858,1639,1874,2207,2195,1853,1629,1869,2192,2187,1845,1648,1893,2222,2222,1872,1648,1878,2204,2190,1840,1639,1828,2189,2205,1850,1627,1866,2195,2198,1852,1623,1889,2190,2187,1845,1614,1854,2173,2175,1857,1616,1850,2187,2194,1865,1631,1847,2176,2198,1840,1616,1842,2186,2203,1858,1617,1839,2162,2192,1872,1635,1847,2170,2183,1840,1615,1870,2199,2209,1870,1631,1842,2176,2211,1877,1622,1842,2181,2215,1875,1630,1842,2178,2214,1866,1623,1840,2170,2208,1872,1635,DOWN
1840,2172,2219,1886,1647,1840,2163,2192,1861,1625,1840,2171,2208,1879,1647,1855,2176,2214,1873,1631,1838,2171,2223,1894,1634,1841,2176,2224,1889,1638,1836,2158,2209,1877,1635,1833,2171,2222,1887,1631,1830,2165,2217,1887,1650,1839,2163,2219,1883,1633,1824,2160,2225,1897,1632,1813,2155,2225,1898,1641,1833,2167,2226,1893,1633,1824,2166,2228,1901,1643,1831,2161,2234,1910,1639,1812,2153,2226,1898,1634,1812,2147,2224,1904,1635,1810,2160,2240,1909,1644,1825,2163,2243,1914,1637,1813,2160,2239,1904,1637,1809,2145,2217,1879,1610,1777,2119,2218,1906,1634,1795,2144,2247,1938,1673,1819,2138,2227,1911,1651,1820,2158,2245,1923,1649,1811,2157,2256,1937,1664,1821,2160,2258,1936,1665,1829,2167,2257,1936,1665,1819,2169,2272,1952,1668,1818,2169,2288,1978,1708,1850,2193,2307,2000,1715,1863,2208,2325,2018,1722,1868,2219,2340,2039,1750,1882,2227,2353,2054,1769,1902,2242,2354,2039,1761,1904,2253,2384,2080,1793,1930,2272,2391,2096,1808,1938,2281,2415,2112,1817,1949,2290,2421,2123,1836,1966,2308,2438,2135,1845,DOWN
1974,2311,2448,2158,1857,1975,2320,2448,2155,1858,1985,2324,2462,2173,1877,1985,2320,2466,2170,1872,1990,2326,2465,2175,1887,2000,2335,2477,2187,1891,2002,2348,2500,2206,1901,2000,2338,2479,2182,1887,1995,2335,2485,2197,1904,1997,2326,2486,2204,1908,2007,2343,2494,2220,1905,1989,2327,2487,2206,1904,2000,2336,2494,2209,1908,2010,2352,2510,2233,1934,2018,2349,2511,2227,1919,2004,2338,2502,2231,1919,2000,2327,2495,2211,1917,1997,2339,2515,2226,1917,2000,2343,2502,2223,1910,1987,2314,2493,2194,1919,2007,2306,2462,2219,1914,2000,2332,2499,2224,1910,1982,2320,2480,2209,1918,1990,2315,2491,2224,1921,1975,2313,2479,2214,1898,1963,2288,2467,2206,1897,1965,2298,2467,2191,1875,1959,2295,2469,2208,1899,1949,2279,2461,2195,1899,1958,2288,2451,2190,1888,1947,2284,2436,2135,1813,1873,2215,2406,2160,1859,1910,2242,2414,2145,1831,1885,2224,2414,2160,1854,1902,2243,2433,2160,1818,1843,2165,2361,2124,1817,1863,2191,2381,2138,1830,1874,2207,2399,2125,1778,1807,2141,2347,2106,1791,1821,2143,2325,2072,1762,DOWN
1807,2139,2326,2075,1747,1769,2091,2275,2030,1705,1730,2096,2320,2064,1706,1701,2032,2251,2005,1680,1680,2000,2211,1968,1654,1664,1981,2175,1931,1622,1636,1952,2145,1901,1584,1584,1901,2106,1872,1535,1535,1846,2042,1802,1466,1467,1791,1982,1739,1419,1425,1763,1968,1731,1383,1366,1705,1931,1712,1404,1406,1734,1936,1713,1386,1382,1722,1942,1738,1419,1414,1755,1988,1765,1424,1408,1739,1956,1732,1416,1418,1750,1974,1760,1449,1442,1767,1968,1744,1439,1452,1779,1971,1744,1430,1425,1763,1995,1786,1472,1453,1775,1985,1770,1449,1424,1759,1986,1774,1447,1424,1758,1974,1761,1438,1415,1747,1982,1778,1455,1426,1756,1982,1775,1441,1405,1737,1980,1790,1461,1423,1745,1969,1771,1456,1424,1730,1984,1838,1556,1527,1866,2123,1940,1637,1614,1947,2206,2031,1727,1718,2064,2303,2114,1792,1760,2083,2320,2128,1797,1755,2087,2334,2134,1795,1738,2044,2291,2112,1776,1712,2022,2265,2064,1736,1664,1965,2206,2007,1679,1616,1934,2177,1983,1648,1585,1901,2143,1947,1616,1535,1854,2107,1923,1604,1535,1863,2102,1904,1574,DOWN
1495,1823,2080,1903,1570,1479,1776,2033,1867,1525,1453,1759,2011,1854,1535,1471,1791,2039,1869,1535,1487,1808,2055,1873,1535,1463,1793,2057,1872,1532,1457,1794,2066,1891,1535,1456,1776,2036,1872,1535,1477,1776,2043,1865,1558,1455,1781,2054,1911,1567,1472,1786,2043,1886,1553,1462,1758,2038,1885,1567,1459,1773,2047,1902,1582,1473,1786,2064,1916,1584,1472,1780,2031,1891,1569,1470,1783,2058,1909,1584,1481,1793,2065,1904,1575,1475,1805,2094,1952,1607,1488,1792,2053,1903,1569,1459,1775,2054,1918,1595,1474,1779,2074,1946,1616,1499,1806,2096,1958,1610,1488,1808,2090,1947,1603,1488,1814,2115,1979,1641,1501,1807,2096,1967,1625,1511,1821,2112,1994,1654,1520,1840,2129,2003,1669,1535,1846,2134,2013,1680,1563,1872,2155,2021,1686,1553,1854,2160,2054,1719,1591,1873,2159,2035,1710,1583,1885,2175,2062,1719,1585,1879,2174,2073,1747,1617,1905,2197,2091,1757,1616,1905,2197,2099,1759,1607,1904,2206,2114,1778,1632,1925,2219,2119,1779,1627,1922,2223,2128,1781,1638,1923,2218,2128,1785,1642,1933,2229,2133,1791,DOWN
1630,1906,2205,2122,1787,1633,1921,2225,2129,1791,1634,1919,2223,2131,1793,1626,1913,2211,2114,1776,1641,1936,2230,2147,1802,1633,1907,2204,2125,1786,1627,1902,2209,2142,1799,1629,1903,2211,2139,1796,1637,1920,2222,2146,1810,1648,1921,2235,2170,1819,1634,1906,2223,2155,1810,1630,1889,2186,2122,1783,1616,1905,2226,2178,1850,1674,1937,2236,2176,1840,1661,1938,2245,2187,1851,1666,1933,2240,2187,1847,1659,1931,2250,2211,1870,1674,1930,2237,2189,1856,1679,1946,2257,2203,1861,1675,1938,2253,2214,1872,1677,1932,2240,2192,1855,1664,1930,2245,2214,1866,1660,1915,2229,2207,1868,1662,1934,2260,2224,1882,1682,1929,2224,2186,1856,1671,1927,2230,2185,1842,1651,1909,2230,2207,1872,1669,1910,2224,2202,1863,1649,1898,2221,2193,1859,1651,1883,2194,2192,1851,1637,1875,2194,2177,1840,1626,1873,2210,2204,1869,1653,1891,2209,2209,1883,1680,1915,2225,2207,1852,1641,1878,2203,2199,1867,1651,1884,2209,2203,1866,1647,1885,2217,2222,1885,1659,1883,2205,2218,1885,1659,1890,2220,2224,1877,1649,1872,2198,2208,1887,DOWN
1657,1898,2211,2191,1867,1644,1871,2192,2211,1893,1670,1905,2240,2261,1931,1683,1919,2216,2251,1915,1690,1901,2219,2219,1899,1655,1877,2204,2229,1897,1664,1875,2201,2229,1907,1670,1870,2176,2189,1852,1622,1853,2198,2224,1872,1633,1850,2179,2224,1895,1635,1833,2167,2212,1882,1637,1835,2147,2183,1851,1622,1838,2167,2209,1872,1636,1838,2177,2220,1879,1631,1831,2176,2223,1890,1648,1855,2179,2214,1857,1600,1793,2117,2163,1830,1596,1809,2151,2206,1872,1627,1834,2168,2222,1893,1643,1843,2173,2223,1882,1630,1824,2160,2202,1867,1616,1815,2161,2225,1893,1637,1827,2162,2227,1893,1625,1809,2143,2211,1887,1634,1815,2154,2221,1896,1633,1808,2134,2210,1887,1626,1811,2149,2217,1893,1645,1825,2159,2227,1890,1635,1824,2161,2242,1917,1643,1802,2128,2212,1903,1645,1819,2155,2233,1901,1629,1811,2155,2234,1903,1635,1817,2160,2252,1929,1651,1808,2154,2256,1947,1670,1819,2145,2230,1909,1651,1834,2168,2250,1910,1631,1792,2154,2253,1921,1639,1792,2139,2241,1921,1638,1785,2130,2255,1931,1644,1787,2127,2243,1931,DOWN
1647,1801,2144,2256,1939,1654,1792,2128,2241,1941,1671,1807,2121,2224,1908,1644,1799,2148,2267,1957,1655,1791,2127,2241,1929,1648,1792,2139,2244,1924,1631,1767,2121,2240,1930,1644,1791,2144,2255,1933,1642,1777,2130,2263,1942,1648,1783,2135,2269,1979,1692,1811,2139,2259,1954,1661,1793,2135,2261,1951,1648,1776,2124,2259,1961,1676,1797,2139,2285,1971,1653,1761,2102,2254,1952,1649,1777,2117,2254,1941,1648,1779,2142,2278,1957,1650,1762,2097,2234,1939,1646,1758,2109,2256,1963,1664,1775,2117,2265,1973,1662,1755,2106,2257,1968,1663,1762,2100,2250,1945,1626,1712,2063,2224,1942,1652,1760,2112,2259,1966,1662,1761,2110,2258,1968,1675,1776,2121,2272,1967,1655,1746,2100,2265,1975,1663,1748,2093,2261,1981,1683,1762,2100,2255,1973,1674,1762,2111,2273,1984,1675,1757,2097,2263,1990,1673,1766,2112,2287,1997,1680,1754,2091,2259,1991,1691,1760,2100,2281,2015,1680,1753,2101,2265,1979,1667,1746,2098,2278,1990,1680,1725,2073,2256,1994,1684,1737,2073,2251,1982,1672,1732,2086,2267,1993,1689,1753,2078,2250,1983,DOWN
1679,1738,2082,2270,2001,1687,1741,2093,2273,2002,1691,1744,2075,2266,2005,1699,1763,2112,2295,2015,1692,1744,2099,2304,2036,1712,1747,2091,2286,2031,1711,1751,2112,2318,2047,1719,1755,2099,2304,2047,1734,1779,2128,2324,2069,1741,1775,2111,2312,2061,1737,1773,2121,2329,2083,1755,1787,2135,2361,2124,1779,1785,2127,2335,2095,1772,1799,2155,2368,2111,1765,1779,2133,2359,2126,1801,1821,2176,2401,2163,1837,1842,2165,2371,2133,1813,1829,2176,2395,2157,1827,1843,2179,2406,2178,1847,1840,2173,2406,2187,1863,1874,2223,2427,2169,1823,1828,2192,2423,2185,1842,1841,2181,2400,2163,1840,1844,2179,2406,2176,1847,1843,2180,2407,2173,1846,1850,2187,2414,2189,1860,1847,2187,2419,2193,1859,1837,2163,2394,2181,1862,1850,2177,2404,2192,1868,1841,2164,2388,2161,1827,1813,2159,2391,2165,1825,1808,2148,2387,2187,1856,1838,2169,2416,2211,1873,1839,2167,2411,2209,1873,1835,2157,2394,2187,1859,1840,2174,2401,2192,1861,1836,2156,2382,2174,1846,1811,2160,2416,2218,1862,1806,2134,2377,2183,1854,1823,2161,2403,2196,DOWN
1854,1808,2139,2385,2196,1873,1835,2161,2393,2189,1859,1830,2151,2383,2172,1834,1783,2115,2363,2173,1843,1797,2135,2372,2173,1830,1778,2099,2352,2167,1826,1747,2064,2310,2125,1790,1733,2066,2323,2135,1792,1725,2042,2302,2125,1791,1726,2036,2295,2117,1781,1718,2033,2293,2122,1793,1713,2032,2289,2112,1776,1698,2007,2261,2083,1747,1685,2012,2273,2097,1765,1695,2010,2270,2099,1755,1674,1989,2256,2096,1761,1667,1966,2224,2070,1753,1675,2000,2269,2101,1771,1680,1989,2255,2092,1745,1649,1957,2224,2047,1717,1648,1975,2242,2086,1743,1641,1950,2224,2071,1698,1618,1954,2221,2047,1682,1616,1933,2211,2064,1745,1631,1923,2210,2047,1709,1615,1923,2197,2064,1727,1616,1919,2191,2037,1706,1590,1926,2192,2018,1711,1601,1909,2183,2036,1701,1593,1902,2183,2035,1707,1606,1915,2186,2035,1689,1577,1889,2165,2031,1698,1584,1885,2162,2013,1666,1535,1868,2159,2027,1694,1575,1877,2160,2001,1661,1535,1863,2144,2003,1664,1535,1856,2143,1995,1647,1519,1839,2147,2023,1682,1557,1852,2127,1985,1659,1533,1851,2143,2003,DOWN
1648,1490,1810,2112,1969,1616,1488,1827,2138,2015,1664,1522,1840,2146,2029,1678,1526,1833,2128,2009,1675,1535,1840,2138,2015,1660,1504,1818,2121,2015,1674,1520,1840,2147,2022,1663,1501,1811,2128,2015,1666,1515,1840,2141,2011,1647,1486,1808,2127,2025,1662,1495,1807,2112,1999,1641,1486,1807,2128,2022,1654,1487,1816,2155,2047,1664,1477,1779,2106,2015,1654,1478,1801,2138,2061,1669,1471,1773,2100,2013,1653,1481,1776,2096,2013,1651,1487,1809,2150,2059,1675,1488,1797,2138,2059,1680,1502,1808,2138,2062,1682,1488,1789,2114,2032,1670,1473,1780,2115,2034,1671,1474,1772,2117,2065,1706,1505,1781,2103,2034,1686,1503,1799,2129,2058,1683,1491,1801,2144,2092,1728,1535,1822,2158,2093,1723,1529,1818,2160,2106,1735,1535,1827,2159,2110,1747,1553,1833,2160,2105,1744,1535,1838,2192,2145,1761,1535,1850,2197,2142,1766,1563,1860,2215,2163,1792,1583,1856,2199,2167,1805,1603,1899,2237,2186,1807,1596,1883,2240,2210,1839,1630,1910,2256,2227,1853,1633,1911,2256,2231,1872,1680,1967,2303,2272,1897,1677,1953,2306,2283,LEFT
1920,1712,2000,2339,2318,1942,1717,1985,2341,2326,1966,1743,2011,2369,2362,1986,1759,2023,2367,2361,1991,1744,1991,2321,2320,1969,1762,2032,2381,2379,2026,1805,2065,2409,2402,2043,1834,2097,2416,2401,2035,1808,2071,2420,2418,2063,1827,2094,2442,2444,2090,1839,2083,2422,2430,2066,1839,2089,2434,2438,2078,1851,2099,2444,2455,2081,1866,2128,2450,2467,2105,1851,2096,2448,2460,2101,1856,2096,2443,2473,2117,1843,2078,2437,2448,2128,1907,2112,2427,2422,2075,1835,2065,2406,2427,2081,1819,2086,2433,2479,2128,1867,2081,2418,2455,2101,1843,2059,2397,2437,2096,1843,2081,2416,2448,2106,1852,2077,2415,2444,2083,1825,2054,2391,2431,2071,1807,2032,2379,2402,2047,1803,2043,2399,2448,2084,1805,2015,2363,2414,2073,1815,2035,2370,2407,2059,1813,2037,2391,2447,2070,1757,1941,2294,2364,2029,1781,1995,2336,2391,2032,1753,1950,2299,2368,2032,1772,1965,2299,2357,2017,1744,1925,2274,2337,1998,1737,1931,2279,2350,2003,1731,1923,2287,2368,2015,1735,1914,2251,2315,1970,1703,1901,2238,2310,1973,1710,1901,2245,2308,LEFT
1945,1671,1882,2246,2307,1945,1674,1861,2203,2282,1941,1671,1840,2175,2259,1926,1664,1858,2219,2317,1971,1697,1883,2243,2337,1990,1707,1874,2228,2320,1967,1660,1824,2174,2272,1945,1662,1824,2159,2240,1898,1613,1790,2160,2259,1923,1631,1787,2139,2239,1885,1583,1737,2095,2193,1845,1535,1717,2069,2172,1837,1530,1671,2031,2157,1827,1533,1693,2061,2173,1833,1530,1678,2021,2139,1813,1509,1659,2023,2143,1805,1471,1603,1967,2098,1779,1483,1620,1973,2097,1763,1465,1620,1987,2105,1763,1456,1609,1967,2091,1766,1471,1629,1999,2133,1777,1441,1565,1919,2045,1725,1428,1574,1935,2073,1755,1441,1572,1936,2077,1744,1440,1585,1953,2076,1729,1408,1535,1919,2067,1761,1456,1563,1887,2014,1695,1391,1527,1903,2058,1729,1410,1535,1904,2046,1731,1443,1575,1904,2029,1689,1360,1486,1877,2039,1721,1393,1510,1887,2040,1731,1409,1519,1879,2047,1750,1439,1530,1873,2019,1711,1392,1507,1876,2045,1728,1397,1495,1873,2047,1743,1410,1505,1874,2059,1735,1392,1485,1861,2034,1731,1406,1500,1875,2045,1743,1423,1531,1911,2091,LEFT
1778,1455,1556,1914,2081,1775,1437,1529,1905,2093,1780,1442,1522,1889,2067,1763,1436,1527,1898,2073,1761,1423,1513,1915,2083,1773,1438,1517,1904,2081,1781,1458,1535,1906,2107,1813,1483,1554,1897,2115,1823,1477,1553,1916,2108,1822,1497,1568,1925,2106,1793,1467,1535,1895,2114,1817,1467,1510,1872,2085,1808,1503,1579,1936,2144,1872,1559,1616,1966,2155,1862,1530,1608,1984,2172,1872,1519,1562,1934,2154,1883,1557,1613,1970,2180,1902,1557,1607,1968,2186,1904,1561,1605,1970,2188,1906,1570,1610,1959,2173,1899,1573,1609,1966,2183,1915,1582,1616,1984,2206,1934,1598,1628,1994,2203,1914,1567,1591,1959,2187,1920,1581,1601,1971,2209,1936,1590,1616,1974,2206,1952,1620,1647,1999,2207,1929,1589,1621,1984,2208,1949,1614,1637,2000,2229,1967,1615,1633,2001,2246,1966,1597,1611,1990,2238,1983,1642,1650,2013,2252,2002,1667,1667,2023,2255,2001,1661,1664,2027,2250,1982,1642,1644,2006,2247,2001,1665,1660,2016,2263,2010,1653,1647,2005,2251,2003,1649,1658,2034,2273,2013,1663,1655,2003,2237,2001,1666,1659,2028,2287,LEFT
2054,1681,1651,2013,2263,2023,1667,1650,2013,2269,2033,1680,1661,2021,2275,2042,1687,1665,2022,2274,2038,1697,1679,2032,2282,2042,1700,1661,2003,2258,2038,1703,1678,2022,2274,2042,1691,1668,2043,2311,2078,1701,1648,2000,2270,2034,1680,1655,2032,2294,2054,1685,1653,2017,2295,2071,1700,1651,2003,2273,2064,1712,1667,2013,2276,2074,1729,1689,2043,2299,2073,1716,1681,2029,2303,2103,1738,1671,2028,2303,2100,1744,1692,2056,2323,2116,1746,1689,2034,2300,2096,1744,1690,2034,2299,2096,1739,1663,2014,2285,2071,1712,1657,2018,2304,2116,1765,1696,2027,2301,2097,1735,1663,2001,2288,2105,1758,1695,2043,2321,2112,1728,1642,1999,2293,2122,1768,1685,2017,2295,2112,1744,1661,2010,2292,2102,1743,1661,2015,2315,2134,1761,1678,2017,2288,2097,1739,1654,2009,2310,2139,1761,1669,2007,2298,2125,1759,1665,2012,2311,2145,1775,1673,1999,2277,2111,1751,1668,2015,2317,2138,1753,1642,1994,2299,2128,1769,1669,2010,2310,2157,1778,1667,2038,2317,2157,1776,1654,1989,2286,2131,1759,1648,1987,2295,2131,1765,1667,1991,2278,LEFT
2140,1757,1648,1993,2287,2126,1746,1634,1979,2263,2107,1740,1623,1964,2270,2137,1786,1653,1974,2273,2128,1745,1628,1972,2280,2134,1763,1628,1965,2286,2144,1775,1645,1975,2296,2160,1790,1645,1970,2292,2154,1763,1619,1958,2283,2158,1779,1632,1963,2288,2170,1785,1634,1968,2281,2151,1779,1643,1965,2281,2142,1771,1632,1969,2286,2149,1774,1629,1962,2277,2163,1793,1649,1969,2275,2141,1757,1591,1905,2239,2139,1776,1618,1937,2273,2167,1807,1642,1946,2270,2160,1791,1622,1936,2257,2155,1784,1626,1942,2271,2161,1777,1606,1923,2258,2174,1804,1632,1941,2271,2163,1792,1616,1931,2276,2177,1786,1599,1911,2251,2165,1795,1619,1943,2278,2176,1792,1615,1931,2263,2178,1794,1617,1927,2272,2193,1813,1614,1915,2265,2193,1811,1616,1911,2251,2176,1799,1616,1919,2259,2189,1816,1635,1936,2250,2153,1779,1614,1932,2277,2205,1819,1616,1915,2263,2198,1824,1619,1911,2252,2181,1806,1610,1903,2242,2178,1797,1607,1911,2253,2190,1812,1616,1903,2237,2179,1806,1600,1897,2245,2186,1803,1589,1886,2243,2187,1808,1602,1907,2256,LEFT
2193,1808,1600,1899,2254,2217,1837,1625,1909,2262,2213,1819,1594,1888,2240,2203,1826,1616,1895,2238,2196,1825,1617,1904,2252,2210,1821,1606,1890,2245,2207,1815,1587,1872,2228,2205,1840,1609,1875,2223,2196,1831,1612,1892,2247,2223,1835,1600,1884,2251,2229,1835,1594,1859,2219,2207,1840,1605,1871,2230,2214,1838,1604,1873,2230,2222,1840,1607,1877,2233,2224,1851,1616,1871,2227,2222,1843,1603,1862,2215,2204,1825,1597,1865,2226,2224,1840,1590,1846,2222,2219,1840,1593,1849,2205,2213,1844,1597,1850,2205,2215,1840,1597,1845,2201,2199,1823,1583,1841,2201,2219,1852,1597,1844,2192,2198,1824,1568,1809,2171,2179,1808,1570,1830,2205,2231,1870,1602,1838,2191,2204,1840,1599,1850,2211,2235,1849,1584,1835,2203,2224,1863,1610,1845,2218,2243,1862,1598,1838,2211,2243,1862,1584,1835,2206,2256,1874,1594,1833,2211,2241,1863,1600,1831,2207,2240,1869,1587,1838,2192,2241,1879,1614,1845,2218,2271,1901,1622,1833,2202,2241,1854,1574,1797,2173,2230,1872,1600,1826,2199,2256,1885,1618,1858,2215,2250,1871,1582,1808,2183,LEFT
2244,1885,1601,1822,2199,2271,1932,1631,1809,2169,2247,1921,1655,1818,2143,2214,1889,1616,1813,2176,2251,1899,1612,1818,2193,2274,1921,1663,1892,2224,2256,1883,1610,1827,2181,2233,1872,1603,1821,2199,2286,1923,1638,1840,2203,2287,1936,1652,1856,2222,2294,1911,1605,1806,2174,2261,1910,1631,1835,2208,2291,1927,1647,1845,2205,2274,1894,1587,1777,2171,2282,1937,1648,1828,2208,2315,1965,1648,1808,2175,2290,1947,1629,1782,2159,2267,1920,1622,1800,2176,2293,1951,1677,1872,2189,2242,1891,1610,1809,2198,2313,1939,1617,1791,2173,2302,1996,1709,1806,2129,2255,1934,1650,1823,2195,2318,1972,1664,1820,2192,2305,1966,1660,1825,2215,2383,2029,1633,1735,2112,2261,1935,1620,1775,2154,2288,1943,1634,1794,2167,2291,1947,1648,1840,2213,2299,1931,1612,1749,2128,2272,1936,1626,1773,2158,2303,1970,1665,1807,2178,2323,1995,1645,1763,2140,2244,1877,1564,1730,2134,2304,1984,1666,1792,2160,2309,1981,1662,1795,2176,2318,1982,1648,1776,2160,2291,1941,1615,1750,2139,2304,1983,1664,1795,2177,2334,1994,1659,1789,2176,LEFT
2340,2015,1670,1751,2128,2305,1987,1669,1776,2135,2291,1969,1658,1781,2163,2329,1990,1658,1767,2151,2326,2000,1679,1797,2172,2317,1984,1648,1746,2126,2274,1955,1626,1744,2130,2319,2010,1676,1759,2138,2320,2005,1651,1735,2111,2298,1998,1660,1747,2130,2318,2005,1659,1746,2128,2315,1991,1649,1727,2099,2292,1996,1665,1745,2123,2313,1999,1663,1746,2132,2326,2024,1690,1767,2115,2288,1971,1629,1717,2103,2303,1998,1664,1749,2141,2341,2030,1691,1738,2098,2294,2002,1680,1762,2147,2301,2033,1700,1776,2149,2326,2017,1655,1715,2084,2274,1983,1646,1727,2087,2289,2013,1680,1745,2111,2288,1971,1613,1678,2058,2278,1989,1645,1723,2096,2320,2000,1651,1695,2083,2301,2007,1657,1700,2078,2297,2012,1651,1686,2065,2288,1994,1641,1678,2047,2275,2000,1648,1685,2059,2271,1999,1652,1687,2066,2288,2013,1667,1703,2074,2286,1996,1641,1666,2032,2257,1978,1619,1651,2031,2270,2000,1649,1664,2029,2265,2006,1654,1660,2018,2251,1980,1616,1618,1994,2237,1972,1617,1631,2010,2265,2000,1629,1638,2016,2270,2003,1654,1664,2024,LEFT
2251,1975,1621,1638,2017,2288,2028,1631,1625,2027,2291,2003,1629,1626,1997,2256,2011,1650,1642,2010,2278,2027,1643,1629,2004,2270,2031,1708,1712,2026,2240,1999,1650,1626,1983,2250,2004,1645,1630,2002,2269,2023,1661,1648,2046,2315,2022,1622,1599,1986,2261,2020,1646,1616,2000,2287,2059,1678,1622,1973,2240,2000,1639,1617,1995,2266,2032,1661,1623,1987,2269,2045,1671,1633,1995,2256,2021,1651,1614,1981,2251,2030,1663,1617,1981,2256,2041,1686,1633,1991,2254,2022,1664,1627,2000,2288,2059,1675,1635,2014,2301,2075,1681,1616,1990,2288,2077,1691,1629,1969,2239,2021,1675,1636,1997,2270,2046,1670,1616,1985,2274,2066,1699,1645,2018,2304,2079,1684,1613,1983,2286,2078,1701,1627,1984,2283,2090,1714,1618,1970,2269,2067,1699,1632,2010,2303,2102,1710,1613,1972,2275,2067,1682,1597,1953,2253,2064,1705,1632,1994,2291,2109,1744,1657,1986,2281,2103,1727,1642,2010,2314,2115,1724,1635,1999,2295,2112,1728,1616,1968,2270,2095,1729,1649,2001,2286,2075,1680,1595,1970,2287,2103,1727,1621,1973,2283,2123,1757,1662,2015,LEFT
2303,2109,1712,1598,1921,2214,2039,1674,1583,1962,2288,2114,1734,1633,1976,2279,2103,1738,1632,1970,2273,2117,1737,1598,1942,2259,2114,1744,1623,1968,2269,2105,1721,1601,1953,2274,2125,1741,1619,1982,2299,2134,1744,1616,1964,2284,2138,1749,1613,1962,2298,2142,1763,1627,1962,2284,2131,1744,1609,1967,2295,2138,1747,1609,1959,2305,2150,1765,1625,1937,2258,2155,1779,1633,1967,2297,2130,1750,1587,1926,2263,2133,1770,1622,1941,2256,2127,1750,1609,1953,2281,2147,1767,1618,1949,2279,2158,1776,1606,1925,2285,2166,1771,1596,1926,2261,2151,1776,1615,1936,2266,2154,1767,1607,1939,2277,2167,1777,1600,1929,2273,2165,1782,1609,1919,2254,2157,1785,1611,1921,2257,2165,1787,1614,1936,2267,2173,1798,1623,1934,2270,2175,1797,1627,1957,2282,2165,1778,1604,1920,2269,2178,1795,1622,1936,2270,2177,1783,1597,1925,2287,2213,1812,1616,1933,2286,2197,1813,1626,1930,2264,2174,1791,1601,1919,2277,2198,1808,1605,1912,2289,2229,1826,1603,1908,2261,2193,1824,1638,1959,2308,2227,1832,1627,1936,2273,2214,1840,1648,1949,LEFT
2288,2205,1808,1597,1906,2281,2225,1836,1623,1933,2290,2240,1860,1638,1934,2293,2243,1856,1649,1939,2275,2222,1830,1596,1889,2253,2214,1835,1619,1915,2277,2239,1860,1640,1930,2290,2256,1874,1653,1938,2295,2255,1873,1667,1957,2302,2249,1863,1648,1922,2271,2236,1857,1634,1923,2288,2258,1879,1648,1923,2282,2256,1879,1663,1935,2285,2256,1873,1645,1930,2283,2254,1870,1642,1918,2277,2257,1875,1644,1917,2267,2251,1868,1645,1919,2279,2258,1873,1627,1903,2269,2257,1867,1611,1872,2246,2247,1873,1617,1872,2233,2236,1859,1630,1893,2244,2245,1866,1611,1872,2242,2250,1856,1599,1865,2240,2250,1871,1626,1885,2249,2256,1889,1643,1888,2238,2255,1878,1642,1893,2240,2243,1858,1606,1862,2230,2246,1872,1616,1871,2249,2262,1875,1613,1859,2231,2261,1886,1617,1873,2249,2285,1888,1599,1835,2202,2241,1872,1600,1839,2215,2250,1871,1606,1843,2207,2242,1863,1599,1840,2207,2246,1872,1599,1825,2191,2237,1859,1588,1819,2195,2239,1863,1595,1819,2192,2231,1858,1593,1829,2207,2256,1872,1599,1828,2207,2246,1861,1591,1819,LEFT
2194,2259,1892,1616,1834,2195,2256,1885,1603,1823,2203,2256,1859,1616,1798,2207,2251,1879,1606,1803,2176,2249,1888,1588,1808,2163,2235,1878,1610,1841,2181,2263,1890,1587,1813,2176,2259,1890,1586,1793,2186,2239,1867,1571,1779,2146,2211,1839,1535,1763,2150,2239,1872,1584,1782,2176,2263,1887,1578,1769,2157,2255,1890,1590,1776,2158,2247,1892,1593,1774,2157,2256,1899,1600,1780,2145,2250,1875,1572,1755,2135,2237,1875,1573,1752,2140,2249,1889,1582,1754,2139,2254,1898,1589,1776,2147,2253,1889,1580,1750,2131,2252,1895,1585,1757,2133,2239,1879,1567,1731,2115,2240,1888,1565,1725,2112,2229,1872,1535,1717,2114,2237,1877,1562,1726,2116,2245,1900,1584,1738,2112,2230,1887,1574,1729,2121,2255,1907,1584,1735,2115,2256,1910,1582,1731,2128,2272,1914,1597,1744,2119,2256,1908,1581,1719,2118,2264,1909,1571,1712,2094,2247,1911,1597,1744,2123,2260,1917,1595,1743,2128,2268,1921,1597,1731,2118,2262,1911,1581,1712,2103,2269,1927,1584,1706,2103,2272,1936,1593,1710,2095,2259,1942,1615,1727,2106,2266,1935,1601,1712,LEFT
2096,2265,1942,1615,1723,2111,2282,1941,1597,1712,2106,2272,1943,1600,1700,2095,2274,1947,1600,1702,2096,2257,1920,1584,1682,2074,2255,1937,1610,1714,2096,2268,1939,1595,1690,2079,2266,1949,1603,1694,2081,2267,1936,1587,1680,2071,2263,1939,1589,1680,2070,2267,1953,1606,1693,2069,2253,1937,1581,1641,2019,2227,1937,1605,1692,2096,2309,1990,1631,1707,2087,2279,1975,1639,1713,2099,2294,1979,1631,1710,2096,2294,1983,1632,1690,2077,2297,1998,1636,1699,2085,2295,1999,1648,1701,2084,2289,1993,1638,1699,2087,2303,2005,1648,1701,2076,2288,1984,1623,1696,2098,2320,2032,1667,1712,2093,2315,2019,1663,1699,2082,2305,2006,1650,1691,2078,2291,2012,1657,1678,2055,2281,2000,1643,1677,2066,2289,2015,1655,1686,2067,2287,2000,1647,1677,2058,2286,2007,1652,1695,2079,2288,2000,1641,1667,2059,2306,2039,1675,1680,2062,2295,2022,1657,1671,2047,2293,2025,1664,1683,2071,2304,2023,1659,1663,2064,2310,2047,1699,1686,2080,2320,2058,1691,1690,2064,2305,2039,1680,1691,2032,2287,2011,1680,1669,2059,2306,2054,1680,1675,LEFT
2060,2315,2057,1677,1670,2038,2299,2054,1680,1668,2045,2309,2067,1681,1671,2045,2306,2057,1686,1664,2041,2317,2069,1693,1668,2035,2299,2046,1667,1648,2029,2295,2063,1691,1662,2029,2290,2047,1682,1649,2029,2303,2047,1674,1644,2015,2293,2071,1692,1659,2005,2291,2096,1693,1647,2015,2294,2069,1691,1648,2017,2293,2061,1671,1620,1984,2273,2067,1695,1648,2023,2315,2102,1711,1641,2000,2288,2074,1703,1653,2025,2319,2110,1731,1675,2037,2320,2098,1709,1642,2006,2303,2096,1725,1661,2032,2322,2117,1735,1669,2034,2320,2113,1744,1674,2036,2325,2127,1733,1658,2019,2318,2122,1743,1662,2023,2315,2127,1744,1655,2022,2320,2121,1731,1643,2005,2311,2119,1734,1651,2016,2321,2123,1740,1647,2001,2319,2134,1744,1646,2002,2309,2128,1747,1659,2017,2326,2129,1728,1630,1991,2307,2127,1729,1632,1996,2304,2135,1759,1651,2005,2317,2142,1749,1637,1998,2307,2125,1734,1628,1991,2299,2118,1729,1626,1995,2314,2145,1759,1643,1991,2301,2131,1746,1623,1980,2303,2144,1763,1646,1991,2310,2157,1774,1639,1982,2300,2153,1774,1646,LEFT
1997,2325,2176,1794,1655,1985,2306,2157,1762,1626,1974,2302,2159,1765,1630,1968,2284,2137,1770,1644,1986,2307,2166,1778,1648,1990,2317,2165,1774,1623,1966,2298,2160,1760,1616,1968,2306,2175,1783,1642,1974,2297,2159,1769,1617,1959,2290,2160,1765,1600,1938,2270,2150,1770,1616,1953,2287,2160,1776,1620,1965,2292,2164,1774,1607,1945,2295,2187,1790,1613,1935,2277,2176,1795,1629,1949,2288,2174,1793,1616,1936,2276,2166,1774,1610,1939,2269,2149,1744,1586,1941,2297,2199,1800,1616,1945,2288,2194,1798,1605,1930,2279,2179,1790,1609,1936,2288,2198,1807,1627,1938,2275,2190,1813,1626,1939,2290,2209,1815,1621,1934,2275,2192,1808,1617,1936,2279,2195,1801,1607,1930,2275,2199,1812,1617,1931,2288,2210,1814,1611,1920,2283,2212,1814,1606,1911,2276,2219,1825,1614,1920,2273,2197,1808,1599,1907,2266,2203,1815,1616,1918,2272,2206,1808,1585,1888,2247,2192,1799,1582,1887,2246,2185,1793,1584,1890,2250,2197,1810,1589,1875,2238,2192,1808,1589,1877,2236,2191,1798,1583,1873,2237,2192,1807,1584,1878,2228,2187,1806,1584,LEFT
1866,2234,2210,1819,1591,1870,2224,2192,1807,1578,1863,2227,2205,1820,1589,1867,2224,2198,1815,1579,1862,2226,2206,1809,1535,1834,2195,2182,1798,1565,1842,2211,2205,1813,1565,1838,2198,2191,1805,1558,1835,2201,2195,1810,1567,1839,2206,2201,1808,1558,1833,2208,2202,1815,1567,1840,2225,2233,1839,1575,1840,2215,2223,1830,1571,1839,2214,2225,1831,1569,1827,2202,2215,1821,1561,1828,2201,2221,1839,1577,1832,2209,2219,1834,1567,1815,2205,2222,1836,1563,1810,2190,2217,1831,1562,1809,2192,2217,1829,1558,1808,2183,2205,1820,1535,1801,2170,2198,1823,1554,1807,2193,2230,1842,1564,1801,2165,2207,1819,1534,1776,2166,2230,1872,1598,1838,2214,2258,1883,1603,1838,2223,2269,1891,1609,1840,2210,2263,1887,1602,1826,2201,2263,1897,1605,1831,2207,2274,1907,1617,1845,2211,2256,1881,1599,1820,2206,2282,1915,1636,1855,2224,2290,1929,1649,1871,2241,2306,1931,1647,1856,2238,2319,1947,1649,1859,2238,2314,1942,1648,1851,2231,2313,1935,1637,1831,2214,2306,1943,1646,1855,2234,2314,1939,1648,1856,2238,2324,1951,1650,LEFT
1866,2255,2350,1985,1687,1882,2254,2336,1967,1669,1867,2257,2362,1991,1685,1875,2259,2367,2001,1686,1873,2257,2374,2019,1703,1879,2274,2384,2007,1692,1870,2256,2379,2031,1713,1883,2267,2383,2031,1718,1914,2291,2400,2046,1741,1902,2277,2393,2043,1728,1904,2297,2416,2070,1742,1904,2295,2423,2071,1744,1902,2278,2416,2063,1737,1904,2291,2423,2079,1757,1913,2303,2432,2093,1770,1918,2299,2448,2121,1797,1935,2311,2449,2112,1781,1921,2299,2448,2114,1793,1937,2320,2459,2125,1790,1933,2320,2480,2143,1808,1939,2329,2486,2147,1798,1927,2305,2467,2145,1823,1949,2329,2491,2159,1820,1951,2340,2490,2149,1806,1936,2320,2482,2155,1823,1946,2321,2480,2149,1806,1929,2315,2479,2148,1807,1925,2305,2471,2129,1775,1888,2288,2448,2128,1776,1883,2269,2441,2112,1764,1872,2261,2438,2097,1745,1854,2234,2393,2058,1702,1807,2193,2388,2082,1730,1815,2182,2368,2059,1714,1802,2182,2361,2035,1690,1777,2157,2339,2023,1669,1755,2141,2334,2007,1663,1744,2135,2335,2016,1668,1747,2134,2335,2021,1663,1724,2101,2299,2000,1667,LEFT
1744,2119,2305,1986,1637,1712,2091,2283,1970,1630,1701,2080,2284,1978,1635,1693,2082,2288,1989,1635,1695,2078,2274,1968,1606,1663,2042,2257,1967,1616,1667,2042,2247,1949,1601,1667,2042,2240,1940,1601,1662,2043,2254,1943,1590,1644,2027,2253,1955,1601,1647,2021,2240,1954,1603,1655,2030,2255,1963,1604,1641,2010,2227,1945,1600,1642,2019,2242,1950,1595,1630,2014,2251,1971,1607,1646,2010,2234,1947,1585,1616,1995,2225,1942,1584,1613,1998,2240,1959,1597,1611,1985,2223,1936,1584,1602,1984,2223,1953,1584,1600,1973,2224,1966,1604,1601,1971,2209,1938,1584,1599,1983,2222,1939,1573,1573,1946,2193,1931,1581,1586,1968,2220,1951,1575,1565,1939,2193,1936,1582,1575,1952,2214,1958,1594,1578,1954,2208,1949,1586,1578,1961,2226,1970,1600,1580,1959,2224,1969,1612,1600,1971,2239,1987,1617,1600,1979,2250,2000,1627,1603,1980,2228,1969,1606,1591,1967,2235,1990,1623,1591,1958,2224,1983,1611,1571,1943,2220,1973,1595,1535,1907,2176,1941,1583,1535,1929,2211,1979,1609,1579,1943,2221,1992,1631,1584,1943,2222,1990,1616,LEFT
1565,1940,2227,2000,1617,1563,1927,2200,1980,1616,1571,1936,2221,1987,1614,1535,1922,2219,1989,1615,1535,1919,2213,1997,1630,1563,1921,2207,1995,1627,1563,1933,2224,2010,1631,1535,1911,2205,2000,1619,1535,1916,2205,1995,1613,1531,1910,2215,2011,1629,1535,1935,2212,2011,1616,1527,1909,2206,2014,1650,1583,1923,2240,2032,1655,1558,1931,2218,2033,1657,1570,1930,2211,2043,1650,1535,1907,2208,2029,1648,1555,1918,2223,2031,1648,1535,1904,2224,2043,1663,1555,1921,2247,2077,1695,1581,1919,2224,2063,1686,1584,1936,2253,2077,1687,1573,1933,2257,2096,1707,1586,1936,2247,2094,1716,1600,1946,2256,2096,1696,1563,1913,2234,2082,1706,1578,1921,2241,2088,1693,1564,1915,2240,2091,1710,1575,1918,2237,2076,1699,1583,1929,2243,2080,1680,1535,1904,2242,2107,1709,1570,1916,2253,2112,1723,1580,1920,2241,2112,1727,1581,1919,2250,2112,1719,1571,1917,2249,2126,1743,1587,1908,2235,2109,1717,1573,1919,2256,2128,1740,1578,1910,2255,2138,1744,1585,1922,2258,2138,1746,1586,1904,2240,2129,1748,1583,1906,2245,2125,1734,LEFT
1575,1910,2250,2141,1744,1577,1910,2249,2135,1755,1583,1901,2240,2141,1756,1583,1904,2241,2129,1726,1531,1865,2209,2116,1739,1571,1902,2269,2183,1781,1595,1915,2257,2166,1778,1595,1924,2267,2183,1793,1607,1919,2262,2166,1772,1584,1907,2256,2171,1779,1598,1920,2271,2187,1791,1594,1906,2267,2191,1795,1603,1921,2266,2185,1792,1594,1909,2269,2203,1821,1615,1919,2288,2224,1808,1575,1879,2256,2211,1826,1622,1927,2273,2210,1835,1629,1931,2273,2208,1825,1617,1914,2256,2199,1818,1623,1929,2288,2234,1845,1639,1935,2288,2250,1858,1635,1930,2291,2258,1867,1639,1936,2305,2275,1886,1657,1951,2320,2291,1905,1698,1989,2338,2307,1936,1722,2022,2383,2343,1957,1741,2023,2379,2352,1983,1772,2068,2419,2389,2007,1780,2079,2442,2434,2061,1812,2096,2453,2448,2069,1840,2128,2496,2490,2112,1873,2160,2519,2515,2135,1899,2189,2546,2535,2153,1900,2165,2525,2535,2171,1935,2204,2559,2581,2201,1951,2224,2593,2597,2217,1970,2234,2590,2586,2195,1952,2226,2603,2621,2233,1971,2245,2619,2633,2258,2013,2272,2645,2660,2262,RIGHT
1999,2256,2626,2659,2283,2015,2267,2631,2649,2266,1985,2256,2610,2645,2317,2016,2272,2618,2674,2278,2015,2267,2641,2672,2288,2032,2293,2672,2704,2307,2054,2291,2657,2697,2322,2059,2289,2653,2704,2339,2064,2290,2669,2706,2335,2064,2291,2658,2707,2337,2061,2273,2640,2707,2349,2070,2299,2673,2730,2351,2064,2301,2672,2715,2327,2042,2263,2642,2702,2325,2057,2283,2651,2704,2321,2038,2252,2611,2659,2288,2001,2223,2585,2637,2251,1958,2175,2544,2629,2271,1993,2202,2557,2633,2266,1974,2180,2537,2604,2233,1939,2147,2496,2559,2197,1904,2111,2469,2543,2189,1895,2097,2457,2541,2191,1904,2096,2450,2529,2162,1860,2032,2385,2474,2131,1846,2032,2385,2457,2111,1823,2019,2391,2489,2134,1827,1993,2348,2431,2091,1808,1990,2346,2425,2063,1749,1916,2256,2329,1972,1682,1854,2209,2303,1962,1679,1847,2210,2294,1938,1652,1838,2192,2276,1915,1616,1781,2144,2235,1886,1597,1760,2123,2224,1873,1575,1735,2096,2199,1859,1562,1727,2086,2176,1835,1535,1709,2064,2170,1836,1535,1692,2045,2159,1819,1525,1680,2031,2139,1803,RIGHT
1494,1652,2010,2130,1791,1490,1650,2007,2112,1773,1459,1613,1984,2115,1781,1465,1613,1968,2095,1760,1449,1595,1955,2086,1754,1440,1578,1936,2079,1757,1449,1584,1933,2064,1741,1433,1583,1946,2089,1758,1426,1535,1910,2055,1727,1418,1535,1913,2057,1730,1424,1535,1904,2019,1683,1372,1502,1877,2027,1712,1408,1520,1873,2006,1680,1362,1497,1870,2011,1699,1387,1505,1867,2011,1703,1382,1479,1847,2014,1712,1380,1473,1838,1991,1684,1366,1477,1849,2011,1697,1371,1473,1851,2019,1712,1387,1482,1869,2041,1719,1391,1494,1872,2039,1715,1374,1457,1833,2005,1705,1375,1470,1846,2018,1712,1373,1451,1819,1993,1689,1363,1454,1825,2005,1697,1359,1424,1804,1979,1680,1335,1406,1793,1987,1694,1358,1425,1795,1981,1679,1330,1403,1775,1956,1648,1310,1389,1761,1947,1662,1314,1374,1748,1947,1661,1320,1387,1756,1946,1637,1294,1360,1728,1922,1625,1277,1333,1710,1893,1600,1278,1337,1726,1926,1651,1323,1376,1745,1947,1654,1282,1325,1699,1910,1609,1271,1323,1718,1923,1651,1296,1322,1712,1939,1664,1298,1328,1706,1909,1623,RIGHT
1284,1324,1709,1923,1643,1294,1329,1707,1936,1665,1319,1343,1717,1936,1666,1319,1345,1729,1957,1680,1327,1351,1727,1958,1685,1339,1367,1743,1964,1684,1327,1341,1723,1951,1683,1329,1351,1741,1984,1712,1337,1347,1742,1981,1721,1370,1374,1747,1978,1722,1360,1359,1747,2002,1756,1392,1392,1771,2005,1750,1399,1405,1783,2023,1767,1403,1392,1775,2023,1774,1410,1402,1790,2045,1809,1454,1424,1791,2034,1794,1440,1427,1803,2059,1811,1459,1456,1830,2069,1813,1456,1456,1850,2096,1838,1467,1456,1840,2102,1856,1492,1483,1865,2128,1883,1515,1489,1865,2122,1875,1507,1479,1861,2131,1903,1535,1509,1889,2160,1926,1567,1534,1913,2179,1951,1585,1535,1903,2163,1936,1574,1535,1907,2192,1968,1600,1555,1930,2206,1966,1574,1524,1924,2211,1995,1626,1568,1926,2209,1994,1633,1590,1967,2243,2016,1637,1580,1947,2235,2014,1653,1600,1951,2226,2013,1636,1569,1936,2225,2030,1663,1600,1968,2259,2064,1695,1625,1984,2264,2070,1710,1646,2000,2282,2079,1706,1632,1987,2283,2096,1728,1647,1999,2288,2096,1718,1637,2000,2291,2099,RIGHT
1723,1645,1993,2283,2106,1738,1657,2025,2320,2135,1751,1648,1992,2289,2110,1739,1657,2014,2320,2139,1758,1657,2013,2315,2131,1747,1639,2000,2309,2137,1759,1659,2000,2298,2117,1745,1648,2006,2320,2149,1767,1665,2010,2306,2131,1762,1663,2017,2320,2147,1776,1671,2021,2320,2158,1778,1679,2032,2343,2177,1798,1689,2032,2335,2165,1783,1666,2011,2330,2177,1809,1683,2019,2336,2181,1806,1686,2023,2326,2167,1790,1679,2019,2340,2185,1803,1665,1999,2307,2166,1795,1667,2007,2323,2187,1805,1680,2011,2320,2179,1798,1664,1999,2320,2177,1795,1657,1999,2314,2171,1783,1651,1990,2311,2176,1795,1648,1986,2307,2183,1798,1648,1987,2315,2176,1788,1637,1974,2310,2204,1837,1648,1979,2293,2167,1792,1638,1969,2298,2193,1795,1637,1963,2288,2160,1786,1621,1975,2306,2195,1796,1639,1955,2291,2185,1806,1635,1972,2329,2205,1793,1651,1974,2303,2210,1824,1651,1981,2310,2192,1804,1629,1947,2287,2189,1799,1621,1952,2301,2201,1811,1627,1945,2288,2202,1814,1629,1939,2282,2192,1807,1616,1940,2288,2192,1807,1614,1923,2257,2163,RIGHT
1771,1591,1915,2269,2197,1819,1635,1949,2287,2186,1789,1609,1933,2274,2192,1798,1610,1917,2271,2198,1807,1600,1904,2251,2186,1791,1595,1904,2254,2190,1805,1611,1905,2258,2195,1808,1605,1906,2261,2208,1814,1603,1904,2255,2207,1827,1616,1913,2259,2203,1828,1627,1926,2274,2217,1822,1611,1913,2274,2221,1835,1618,1919,2273,2225,1840,1630,1917,2266,2217,1838,1623,1915,2267,2227,1840,1607,1889,2253,2218,1850,1627,1911,2273,2238,1854,1631,1914,2271,2232,1835,1609,1918,2283,2246,1863,1632,1904,2267,2252,1865,1628,1909,2269,2238,1846,1614,1895,2265,2245,1855,1614,1873,2239,2224,1841,1603,1879,2243,2227,1847,1610,1878,2242,2231,1843,1604,1879,2244,2235,1844,1600,1868,2243,2245,1861,1612,1878,2246,2239,1854,1601,1879,2250,2239,1854,1614,1875,2242,2238,1845,1602,1873,2246,2246,1858,1614,1872,2239,2240,1854,1607,1863,2225,2242,1860,1613,1875,2237,2247,1869,1609,1870,2241,2265,1886,1623,1867,2237,2259,1879,1613,1857,2224,2249,1878,1619,1865,2243,2267,1881,1611,1856,2226,2261,1881,1619,1865,2239,2260,RIGHT
1887,1620,1867,2237,2274,1894,1616,1847,2225,2260,1887,1617,1858,2232,2268,1885,1605,1837,2213,2253,1878,1618,1871,2243,2288,1914,1646,1871,2240,2295,1909,1615,1823,2186,2250,1898,1632,1869,2246,2313,1947,1667,1883,2258,2336,1970,1683,1897,2271,2338,1973,1697,1915,2288,2356,1988,1702,1923,2306,2379,2011,1727,1942,2320,2384,2007,1725,1943,2337,2422,2063,1759,1963,2338,2416,2063,1776,1986,2369,2454,2096,1806,2006,2381,2458,2096,1795,2002,2382,2478,2161,1831,2027,2423,2513,2163,1851,2022,2384,2478,2113,1854,2033,2414,2511,2149,1860,2047,2431,2514,2192,1889,2096,2461,2541,2181,1884,2090,2461,2559,2224,1926,2106,2463,2559,2217,1928,2117,2484,2603,2233,1926,2102,2480,2593,2233,1906,2069,2446,2559,2220,1907,2086,2458,2559,2224,1905,2081,2450,2559,2225,1919,2094,2453,2559,2224,1904,2054,2422,2554,2213,1913,2087,2466,2597,2241,1923,2086,2451,2579,2235,1919,2084,2452,2587,2240,1915,2066,2443,2559,2242,1929,2080,2446,2591,2251,1943,2109,2462,2559,2229,1914,2064,2435,2559,2235,1911,2066,2426,2559,RIGHT
2240,1936,2088,2451,2613,2290,1971,2095,2465,2633,2315,1984,2107,2477,2640,2329,2013,2149,2512,2669,2345,2023,2153,2521,2683,2351,2032,2160,2517,2671,2331,1999,2121,2483,2647,2315,1984,2106,2480,2639,2286,1935,2054,2419,2589,2261,1927,2035,2397,2557,2229,1884,1975,2339,2501,2175,1823,1917,2273,2425,2099,1758,1859,2227,2397,2079,1735,1839,2205,2343,2003,1659,1767,2137,2305,1998,1662,1750,2112,2269,1954,1621,1707,2061,2228,1933,1600,1697,2043,2203,1890,1581,1667,2018,2175,1863,1535,1665,2023,2161,1826,1499,1614,1981,2156,1866,1513,1586,1943,2126,1835,1511,1584,1925,2106,1789,1443,1515,1883,2067,1777,1440,1477,1808,1992,1700,1348,1415,1781,1966,1657,1303,1349,1719,1906,1602,1245,1291,1659,1846,1527,1173,1236,1634,1854,1535,1191,1250,1643,1862,1561,1217,1278,1649,1859,1584,1243,1300,1685,1902,1607,1264,1326,1719,1933,1645,1297,1360,1744,1958,1674,1328,1370,1749,1961,1680,1337,1380,1765,1985,1712,1357,1392,1767,1985,1712,1367,1417,1805,2028,1746,1401,1434,1809,2035,1766,1422,1459,1840,2071,RIGHT
1789,1425,1457,1842,2074,1796,1449,1483,1870,2099,1815,1452,1475,1885,2129,1855,1519,1554,1915,2145,1873,1535,1578,1936,2146,1856,1501,1531,1919,2149,1863,1499,1518,1902,2133,1863,1506,1520,1909,2155,1881,1520,1525,1904,2144,1886,1526,1534,1910,2160,1894,1533,1530,1910,2153,1895,1535,1530,1904,2141,1872,1513,1520,1883,2130,1875,1513,1515,1883,2144,1890,1510,1503,1891,2131,1881,1511,1485,1864,2127,1884,1530,1474,1861,2121,1875,1507,1472,1837,2096,1846,1477,1455,1835,2109,1873,1503,1486,1868,2127,1868,1486,1460,1828,2096,1855,1491,1475,1857,2109,1862,1494,1470,1859,2115,1848,1457,1424,1811,2096,1867,1495,1456,1834,2100,1854,1485,1438,1808,2078,1846,1476,1438,1819,2096,1869,1501,1450,1818,2091,1866,1498,1450,1810,2080,1852,1479,1440,1818,2108,1874,1487,1420,1797,2087,1869,1505,1455,1813,2087,1858,1483,1421,1791,2078,1869,1497,1441,1814,2110,1894,1508,1424,1790,2096,1892,1521,1445,1795,2095,1890,1514,1436,1805,2094,1886,1510,1434,1809,2110,1904,1528,1462,1840,2133,1929,1535,1456,1825,2129,RIGHT
1921,1535,1455,1826,2128,1938,1559,1459,1819,2114,1923,1563,1481,1854,2137,1935,1568,1485,1856,2160,1971,1593,1487,1841,2140,1953,1584,1472,1833,2137,1957,1584,1484,1845,2151,1967,1599,1492,1855,2160,1982,1603,1500,1870,2190,2013,1616,1490,1845,2161,2000,1630,1520,1872,2175,1987,1600,1487,1837,2165,2005,1623,1499,1853,2159,1985,1607,1488,1857,2171,2006,1633,1509,1858,2176,2011,1646,1533,1881,2192,2034,1674,1558,1879,2181,2029,1678,1562,1899,2195,2034,1659,1535,1887,2210,2067,1684,1535,1893,2221,2082,1709,1579,1920,2233,2079,1695,1559,1905,2234,2099,1712,1570,1913,2243,2099,1707,1573,1917,2241,2097,1702,1535,1902,2241,2120,1734,1591,1929,2256,2127,1741,1591,1927,2255,2125,1731,1582,1918,2245,2131,1757,1596,1920,2249,2134,1746,1595,1924,2251,2128,1744,1591,1926,2263,2150,1775,1610,1938,2275,2161,1771,1602,1939,2287,2175,1778,1601,1929,2270,2175,1794,1617,1943,2288,2182,1791,1616,1947,2294,2195,1805,1613,1935,2289,2194,1801,1614,1923,2258,2161,1775,1587,1910,2259,2176,1792,1613,1926,2261,RIGHT
2163,1780,1606,1937,2287,2190,1801,1607,1909,2256,2169,1779,1587,1904,2253,2179,1793,1610,1953,2288,2211,1822,1625,1935,2282,2189,1807,1607,1923,2286,2239,1817,1616,1917,2271,2217,1815,1622,1925,2279,2203,1814,1611,1930,2272,2209,1823,1619,1927,2279,2221,1827,1612,1916,2270,2211,1813,1597,1892,2256,2213,1822,1604,1907,2278,2233,1843,1617,1909,2269,2218,1819,1600,1897,2259,2218,1827,1616,1905,2263,2225,1844,1643,1929,2275,2235,1845,1616,1903,2259,2224,1835,1603,1891,2253,2221,1831,1611,1898,2256,2231,1854,1621,1904,2267,2231,1841,1610,1893,2255,2231,1841,1614,1893,2255,2230,1845,1616,1904,2270,2237,1840,1602,1885,2256,2250,1849,1600,1879,2247,2231,1840,1609,1897,2269,2254,1857,1614,1885,2251,2241,1861,1621,1886,2243,2231,1849,1614,1882,2245,2230,1850,1607,1878,2246,2240,1860,1605,1866,2231,2230,1856,1602,1847,2203,2202,1813,1559,1831,2218,2237,1860,1613,1879,2256,2270,1881,1622,1881,2247,2255,1867,1610,1872,2250,2265,1878,1617,1872,2243,2261,1883,1623,1887,2261,2270,1872,1606,1862,2245,RIGHT
2277,1887,1616,1855,2230,2271,1883,1614,1858,2239,2282,1891,1607,1858,2239,2279,1891,1600,1838,2219,2259,1873,1593,1835,2224,2259,1866,1589,1829,2213,2270,1891,1609,1839,2211,2256,1872,1596,1834,2210,2253,1871,1598,1840,2224,2286,1899,1603,1824,2199,2253,1874,1601,1827,2206,2258,1873,1584,1811,2197,2266,1898,1612,1826,2201,2256,1883,1597,1807,2183,2256,1889,1603,1822,2192,2256,1890,1600,1810,2192,2275,1904,1584,1777,2170,2253,1877,1598,1819,2194,2262,1890,1592,1790,2167,2253,1889,1595,1795,2169,2245,1882,1597,1798,2165,2244,1887,1598,1803,2171,2250,1904,1618,1802,2159,2235,1874,1588,1787,2160,2255,1904,1613,1787,2154,2254,1904,1600,1777,2158,2256,1898,1601,1790,2167,2271,1914,1605,1776,2160,2277,1916,1601,1769,2141,2256,1910,1614,1779,2144,2253,1907,1613,1793,2165,2267,1916,1616,1783,2162,2278,1923,1614,1781,2159,2274,1936,1627,1783,2149,2265,1933,1613,1777,2149,2283,1983,1628,1783,2165,2273,1934,1641,1802,2173,2287,1953,1648,1810,2192,2321,1955,1663,1809,2157,2337,1970,1668,1820,2205,RIGHT
2350,2001,1667,1783,2163,2287,1967,1669,1807,2175,2322,2012,1697,1838,2223,2368,2045,1717,1846,2229,2384,2064,1735,1865,2231,2381,2059,1735,1863,2239,2381,2054,1739,1874,2256,2395,2075,1745,1872,2256,2414,2094,1766,1886,2268,2427,2108,1783,1903,2281,2449,2139,1795,1907,2279,2445,2128,1798,1918,2292,2459,2145,1811,1921,2303,2471,2162,1834,1933,2293,2463,2160,1826,1926,2302,2474,2166,1837,1938,2314,2487,2173,1840,1935,2297,2473,2175,1850,1937,2306,2480,2175,1849,1948,2313,2480,2176,1839,1934,2319,2496,2173,1824,1910,2290,2483,2192,1851,1936,2304,2491,2187,1840,1919,2291,2490,2199,1861,1934,2300,2494,2193,18571695,1672,2015,2256,2000,1648,1651,2038,2275,2007,1664,1649,2001,2239,1985,1640,1630,1969,2215,1969,1619,1601,1957,2201,1962,1614,1584,1920,2159,1931,1585,1555,1905,2153,1921,1581,1535,1901,2146,1918,1569,1527,1878,2128,1906,1568,1535,1887,2131,1904,1535,1499,1854,2119,1894,1535,1498,1853,2105,1888,1535,1489,1845,2105,1904,1531,1503,1835,2100,1897,1520,1474,1815,2074,1857,1535,1485,1840,RIGHT
2094,1864,1528,1483,1810,2087,1870,1529,1482,1808,2066,1867,1533,1484,1812,2064,1863,1520,1470,1801,2061,1847,1510,1452,1776,2032,1854,1535,1473,1807,2064,1871,1526,1460,1786,2032,1850,1519,1457,1782,2032,1855,1521,1456,1775,2018,1840,1503,1437,1769,2015,1840,1519,1451,1767,2027,1861,1531,1450,1759,2013,1850,1529,1455,1760,2011,1845,1522,1439,1744,2013,1859,1532,1445,1744,2003,1842,1531,1456,1774,2020,1861,1535,1457,1760,2001,1846,1527,1441,1744,1998,1849,1535,1442,1733,1989,1853,1535,1453,1753,2002,1853,1527,1438,1727,1981,1831,1520,1439,1747,2010,1867,1535,1454,1758,2032,1891,1559,1452,1747,2022,1885,1587,1654,2046,2294,2009,1489,1440,2046,2559,2191,1478,1351,1979,2531,2179,1485,1354,2000,2559,2178,1456,1323,1967,2511,2210,1459,1301,1951,2547,2192,1493,1311,1957,2527,2185,1429,1239,1872,2460,2157,1483,1329,1953,2529,2208,1507,1326,1920,2514,2216,1572,1483,1933,2268,2047,1655,1633,1985,2224,1967,1619,1649,2000,2225,1987,1651,1664,1979,2177,1941,1648,1675,1984,2168,1947,1651,1667,1979,RIGHT
2161,1932,1661,1682,1985,2171,1937,1633,1650,1968,2178,1973,1675,1669,1949,2136,1917,1623,1647,1963,2175,1950,1651,1677,1969,2142,1918,1616,1647,1968,2161,1931,1623,1648,1958,2157,1929,1634,1651,1977,2182,1957,1655,1669,1965,2174,1966,1671,1677,1975,2183,1975,1680,1665,1951,2167,1965,1670,1679,1968,2160,1952,1667,1677,1975,2175,1955,1657,1649,1962,2182,1970,1669,1659,1951,2154,1943,1648,1646,1943,2147,1934,1641,1648,1965,2183,1969,1648,1622,1934,2165,1967,1664,1646,1951,2176,1979,1677,1649,1943,2170,1986,1686,1664,1949,2157,1954,1655,1641,1967,2206,2005,1691,1666,1973,2199,2007,1698,1649,1936,2165,1983,1907,1663,1777,2099,2189,1889,1629,1762,2080,2196,1919,1648,1773,2093,2195,1906,1643,1759,2081,2207,1930,1657,1769,2080,2196,1933,1671,1779,2081,2205,1941,1677,1759,2058,2175,1904,1647,1749,2068,2203,1938,1676,1758,2070,2203,1930,1653,1750,2074,2215,1942,1667,1776,2097,2237,1965,1680,1766,2079,2213,1940,1671,1765,2075,2222,1967,1691,1771,2093,2240,1970,1680,1761,2065,2214,1959,1680,1761,RIGHT
2082,2238,1985,1705,1766,2070,2224,1968,1690,1787,2103,2239,1973,1698,1776,2091,2242,1988,1690,1747,2047,2218,1977,1707,1756,2047,2206,1947,1660,1738,2047,2220,1974,1685,1744,2062,2222,1975,1694,1758,2079,2250,1985,1689,1734,2039,2229,2000,1712,1748,2047,2234,1994,1697,1741,2053,2231,1994,1700,1746,2061,2255,2022,1718,1730,2034,2231,2000,1711,1747,2070,2256,2015,1721,1751,2071,2271,2031,1722,1746,2059,2256,2021,1723,1758,2075,2266,2023,1724,1741,2043,2245,2029,1729,1749,2046,2243,2010,1709,1723,2032,2240,2019,1725,1744,2037,2226,2002,1724,1739,2031,2227,2006,1713,1723,2023,2218,2002,1717,1728,2023,2216,61802,2119,2217,1923,1658,1803,2135,2250,1936,1633,1751,2070,2175,1895,1655,1792,2112,2221,1933,1664,1797,2125,2234,1929,1646,1777,2113,2237,1952,1680,1798,2112,2227,1942,1665,1781,2111,2224,1932,1654,1776,2096,2222,1936,1649,1762,2092,2224,1936,1664,1771,2087,2218,1936,1650,1755,2079,2209,1934,1648,1746,2066,2216,1933,1635,1730,2064,2207,1929,1651,1744,2058,2194,1921,1645,1757,2086,2210,RIGHT
1914,1616,1709,2035,2190,1923,1649,1740,2060,2209,1942,1651,1727,2042,2201,1936,1651,1731,2033,2188,1923,1646,1727,2046,2209,1954,1664,1730,2041,2218,1962,1664,1729,2032,2196,1947,1655,1722,2037,2211,1955,1663,1732,2044,2208,1943,1648,1719,2044,2218,1959,1652,1715,2032,2197,1936,1645,1701,2013,2197,1949,1653,1712,2023,2197,1949,1655,1711,2031,2208,1949,1648,1711,2035,2228,1983,1679,1707,1999,2189,1952,1662,1715,2030,2211,1965,1662,1707,2031,2224,1978,1677,1710,2018,2208,1968,1668,1712,2021,2212,1975,1679,1710,2008,2198,1968,1670,1695,2005,2207,1981,1678,1701,2016,2219,1971,1666,1680,2005,2227,2000,1846,1915,1710,1521,1629,1863,1933,1714,1509,1633,1882,1965,1737,1499,1586,1840,1935,1712,1493,1611,1886,1982,1767,1559,1659,1915,2005,1771,1525,1635,1904,2015,1797,1559,1659,1931,2037,1797,1563,1655,1931,2032,1797,1564,1664,1929,2047,1823,1571,1664,1943,2066,1821,1554,1633,1921,2061,1839,1597,1682,1963,2082,1825,1583,1681,1954,2082,1855,1603,1701,1984,2093,1826,1562,1666,1945,2071,1853,1603,RIGHT
1677,1955,2095,1846,1585,1678,1951,2073,1842,1600,1687,1961,2101,1870,1616,1681,1964,2105,1872,1616,1675,1952,2096,1854,1593,1683,1999,2128,1881,1607,1679,1955,2116,1899,1639,1686,1966,2122,1904,1648,1717,1983,2125,1906,1653,1712,1979,2119,1904,1648,1711,1985,2141,1933,1685,1746,2005,2129,1919,1680,1751,2018,2158,1933,1688,1735,1999,2143,1930,1669,1731,1990,2141,1927,1674,1717,1997,2158,1945,1675,1723,2005,2175,1951,1680,1725,2007,2175,1959,1694,1732,2007,2187,1975,1711,1739,2014,2186,1983,1725,1750,2018,2189,1991,1722,1748,2009,2176,1978,1703,1718,1997,2177,1979,1705,1731,2019,2206,1997,1711,2128,2190,1904,1658,1806,2103,2187,1923,1694,1856,2149,2202,1919,1680,1833,2128,2188,1899,1647,1798,2098,2170,1899,1664,1824,2128,2197,1904,1657,1809,2127,2208,1919,1667,1802,2096,2160,1878,1647,1806,2119,2198,1915,1675,1823,2128,2212,1930,1679,1819,2130,2221,1935,1680,1814,2113,2207,1926,1682,1829,2134,2214,1913,1642,1776,2081,2177,1916,1673,1808,2103,2196,1913,1657,1791,2094,2179,1911,1659,1782,RIGHT
2098,2212,1941,1680,1797,2096,2195,1934,1681,1801,2097,2199,1932,1669,1797,2103,2199,1923,1667,1783,2089,2190,1911,1651,1767,2069,2191,1936,1677,1787,2089,2192,1930,1670,1779,2071,2191,1935,1680,1779,2083,2204,1946,1686,1805,2100,2217,1952,1671,1776,2083,2214,1964,1699,1775,2075,2215,1968,1691,1776,2087,2222,1961,1671,1757,2081,2224,1965,1687,1776,2079,2218,1968,1695,1783,2093,2224,1968,1696,1779,2082,2224,1974,1708,1797,2111,2243,1970,1690,1769,2067,2224,1984,1701,1776,2070,2213,1968,1693,1767,2064,2217,1968,1693,1761,2069,2224,1990,1714,1775,2078,2238,1988,1696,1774,2085,2250,1996,1711,1780,2032,2061,1776,1558,1743,2047,2089,1793,1567,1745,2053,2096,1805,1575,1751,2039,2082,1801,1587,1761,2065,2113,1837,1621,1785,2079,2117,1832,1609,1788,2080,2115,1824,1606,1775,2067,2122,1842,1616,1783,2080,2124,1835,1611,1776,2080,2127,1849,1623,1777,2076,2131,1856,1639,1804,2100,2155,1865,1626,1793,2095,2162,1885,1647,1795,2091,2165,1887,1648,1795,2095,2164,1893,1659,1803,2096,2176,1915,1680,1810,RIGHT
2115,2194,1919,1680,1823,2112,2192,1923,1680,1822,2111,2182,1909,1668,1809,2112,2191,1919,1680,1819,2117,2208,1940,1681,1809,2093,2187,1936,1698,1824,2114,2192,1930,1678,1811,2117,2210,1939,1689,1818,2110,2199,1933,1687,1822,2123,2224,1956,1697,1815,2107,2192,1923,1678,1810,2111,2218,1950,1694,1815,2116,2209,1935,1686,1819,2110,2207,1943,1689,1817,2117,2218,1937,1679,1798,2107,2214,1939,1673,1777,2089,2211,1969,1680,1827,2126,2227,1950,1668,1781,2092,2217,1962,1701,1808,2124,2233,1949,1680,1805,2096,2224,1958,1702,1779,2087,2222,1975,1712,1792,2069,2185,1950,1679,1750,2035,2186,1953,1690,1779,2559,2559,2285,2078,2278,2559,2601,2310,2097,2287,2559,2607,2320,2110,2303,2608,2628,2327,2096,2277,2559,2613,2327,2118,2298,2590,2609,2323,2125,2317,2614,2640,2353,2133,2299,2583,2605,2307,2123,2287,2590,2625,2333,2112,2271,2559,2598,2302,2074,2247,2541,2581,2302,2078,2240,2512,2543,2258,2043,2217,2495,2529,2240,1999,2160,2450,2512,2245,2029,2190,2471,2518,2231,1993,2160,2451,2494,2211,1995,2169,RIGHT
